01,000
01,001
01,002
01,003
01,004
01,005
01,006
01,007
01,008
01,009
01,010
01,011
01,012
01,013
01,014
01,015
01,016
01,017
01,018
01,019
01,020
01,021
01,022
01,023
01,024
01,025
01,026
01,027
01,028
01,029
01,030
01,031
01,032
01,033
01,034
01,035
01,036
01,037
01,038
01,039
01,040
01,041
01,042
01,043
01,044
01,045
01,046
01,047
01,048
01,049
01,050
01,051
01,052
01,053
01,054
01,055
01,056
01,057
01,058
01,059
01,060
01,061
01,062
01,063
01,064
01,065
01,066
01,067
01,068
01,069
01,070
01,071
01,072
01,073
01,074
01,075
01,076
01,077
01,078
01,079
01,080
01,081
01,082
01,083
02,000
02,001
02,002
02,003
02,004
02,005
02,006
02,007
02,008
02,009
02,010
02,011
02,012
02,013
02,014
02,015
02,016
02,017
02,018
02,019
02,020
02,021
02,022
02,023
02,024
02,025
02,026
02,027
02,028
02,029
02,030
02,031
02,032
02,033
02,034
02,035
02,036
02,037
02,038
02,039
02,040
02,041
02,042
02,043
02,044
02,045
02,046
02,047
02,048
02,049
02,050
02,051
02,052
02,053
02,054
02,055
02,056
02,057
02,058
02,059
02,060
02,061
02,062
02,063
02,064
02,065
02,066
02,067
02,068
02,069
02,070
02,071
02,072
02,073
02,074
02,075
02,076
02,077
02,078
02,079
02,080
02,081
02,082
02,083
