001,83.5,99.6,147.3,102.9,128.9,127.9,60.4,122.8,137.5,165.4,138.6,201.9,133.3,220,126.3,227.2,130.5,225.2,69.4,180.5,146,187,145,186.4,158.8,175.3,156.9,201.3,151.4,162,138.2,231,94.4,150.6,143.6,156.9,66.4,134
002,81,105.2,139.5,98.5,128.1,123.8,60.2,125.8,139.3,158.8,134.9,185.6,138.1,200.5,132,209.1,136.3,206.3,68.7,175.6,140.7,171.8,142.6,173.4,151.9,166.9,151.2,183.5,146.2,151.5,145.9,210.3,97.8,143.3,139.9,144.5,64.3,135.3
003,76.1,110.5,132.9,91.1,125,118.1,62.2,127.9,143.6,141.5,143.9,174.4,146,188.2,140.6,193.5,144.8,192,81.5,171,145.1,157.5,149.5,160.8,158.1,144.9,159.6,168.7,152.4,136.9,152.6,192.3,100.8,140.4,142,135,71.2,134.8
004,87.7,109.4,153.6,89.7,137.3,123.9,64.3,123.5,153.3,159.1,146.7,183.3,146.8,201.6,141.8,209.1,144.9,206.1,78.8,184.2,148.9,171.6,153.7,174,165.5,169.5,163.2,187.4,161.6,154.3,152.6,210.6,107.9,144.9,153.6,146.3,70.8,137.9
005,70.5,102.6,129.4,82.3,124.3,108.5,52.9,122.3,142.3,144.5,133.4,178,132.4,196.4,127.8,201,130.9,199.3,71.7,165.7,141.4,160.7,145.9,163.3,154.2,147.1,150.5,176.2,147,137.6,138,200.1,94.9,136.5,138,131.1,62.9,132.3
006,82.9,98.3,139.7,100.1,123.9,125.2,59.7,116.1,132.3,155.8,140.3,195.7,138.8,210.9,134.5,215.5,136.8,214,75.7,166.4,144.3,176.9,139.3,176.9,153.2,164.1,156.4,186.4,146.1,153.2,147.3,216.7,93,142,131.3,147.2,69.4,124.2
007,83.3,100.9,144.5,82.5,130.5,113,61.9,125.1,148.1,156.6,140.5,186.8,134.5,214.3,128.7,218.8,132.5,217.8,74.5,177.4,143.9,171.5,147.2,172.6,160.9,155.1,160.9,182.8,155.7,144.5,137.9,220.1,103.3,140,149,136.5,68.6,135.5
008,78.7,104,131.7,81.8,124.4,110.3,63.5,122.6,144,137.5,138.3,167.1,136.7,182.5,131.8,188.6,135.4,186.7,79.5,168,145.5,153.6,149.5,155.4,160,142.7,157.3,164.7,146.7,131.6,143.7,189,100.2,132.7,142.6,126,70.2,129.8
009,85.4,108.3,144,102.9,129,125.5,60,127.5,138.6,157.3,132.4,189.7,130.7,201.4,127.2,206.4,129.4,204.5,72,175.2,137.2,174,139.5,175.7,152.5,166.8,150.2,182.8,145,154.1,142.1,206.4,97.8,144.9,141,147,67.7,135.8
010,84.7,108,140.4,85.5,131,115.5,66.2,127,146.3,150.9,137.1,174.5,136.6,187.6,133.2,193.4,135.9,191.2,77.4,166.5,143.4,160.6,146.8,161.7,160.7,154.6,153.7,175.2,156.7,140.5,144.5,197.3,102.7,138.4,144.5,136,73.3,134.9
011,76.7,104,137.7,96,125.2,119.6,59.5,121.2,143.6,156.7,129.4,181.2,126.9,197.4,119.8,203.5,124.4,201.8,73.3,162,139.1,170,141.7,165.8,155.3,159.7,150.7,181.9,149.7,145.8,131.4,204.7,97,139.9,137.3,141.3,69.5,129.4
012,86.1,104.7,152.2,94.8,136.8,122.3,63.7,128.1,151.2,156,159.8,190.6,162,207.7,158.1,213.6,160.4,210.9,89.4,185.4,161.6,173.9,157.6,173.9,170,162.3,174.7,181.9,161.3,149.9,169.3,216.2,106.2,147.7,151.9,144.9,73,136.4
013,75.3,103.7,134.8,101.8,117.1,127.6,52.6,119.2,125.7,154.4,127.8,185.8,127.8,194.2,123.4,200.2,126.4,198,66.4,164.6,130.7,169.5,128.4,171.3,141.5,165.7,142.5,178.5,138.3,154.6,135.6,204.5,89.8,142.5,129.9,150.7,60.3,124.7
014,74.4,104.8,135,99.5,120.3,123.5,57.3,121.1,131.8,154.6,125.6,187,124.5,201.8,119.8,206.6,122.9,205.1,68.7,165.3,133,171.4,134.4,171.5,149.4,163.2,142,187.7,145.5,151,131.2,210.5,90.3,142.9,135.4,145.4,64.8,129.5
015,74.2,108.6,132,97.9,126,124.6,53.8,125.1,139.2,157.3,132.8,190.4,129.2,203.8,124.5,210.4,127.6,207.9,72.2,177,140.9,174.1,141.4,173.6,151.3,169,149.3,189,147.4,154.4,136.6,215,93.7,146.2,135.3,145.9,62.7,127.7
016,87.6,99.7,149.1,85.7,133.9,115.5,66.3,121.1,152.2,149.5,145.8,180.7,143.5,195.6,139.3,200.3,142.1,198.9,86.5,176.8,155.3,163,157.8,163.8,166,152.8,164.5,176.5,158.8,139.3,149.5,201.8,104.6,137.6,150.7,134.8,72.2,132.6
017,80.6,102.8,138.4,97.2,125.8,121.8,59.1,121.2,140.6,157.9,144.1,189.8,141.1,206.7,135.8,213.8,138.9,211,70.2,179.3,148.3,173.2,144.4,175.9,159.2,167.3,161.5,188.4,153,154.6,147.1,213.6,95.4,144.7,136.6,150.4,64.9,126.1
018,83.5,111.6,140.7,103.7,130.8,129.5,62.1,128.2,137.7,157.9,130,187.9,124.9,199.4,119.4,202.8,122.6,201.9,71,173.8,139.6,176,143.1,180.2,154.1,172.7,148.6,185.6,150.3,158.7,133.4,206.5,98.7,149.8,140.1,152.7,69.1,137.7
019,77.7,106.8,135.2,95.4,123.9,124.8,59.6,126.8,132.9,148.9,130.8,180,131.7,187.3,128.9,193.3,130.7,190.6,73.6,173.7,131.3,160.5,138.7,167.5,151.6,159.1,147,172.8,147.7,147.9,139.6,195.9,96.2,143.9,138,142,67.6,137.3
020,76.4,112.1,133.4,102.5,123.9,126.8,56.8,128.8,133.2,156.1,132.2,185.8,131.3,197.6,125.3,203.7,129.5,201.3,69.3,178.3,136.6,171.7,142.1,173.3,148.4,163.8,147.4,184.4,141.9,154.1,136.6,204.1,92.7,149.9,136.6,151.5,63.3,135.1
021,81.6,108.9,142.5,103.7,125.6,130.8,57.7,125,126.9,158.7,119.5,198.3,118.7,212.4,111.6,220.6,117.8,218.8,66.9,181.3,129.8,183.2,130.9,180.3,147.8,175.6,140.8,194.6,144.6,163.4,127.4,222.1,90.1,150.8,133.5,155.2,64.3,136.7
022,84.5,103.8,146.7,98.6,132.7,124.1,61,122.8,145,148,144.4,180.7,143.4,191.5,138.9,198.9,142.4,196.1,81.7,177.1,146.2,165.6,149.9,167.4,161.7,163.6,158.4,177.9,155.3,148.4,150.2,199.3,98.7,142.5,145.4,144.1,67.2,131.6
023,86.4,103.6,150.6,112,136.4,129.9,62.7,122.2,147.9,166.2,155.2,200.4,155.3,218.8,147.8,225.5,152.8,223.4,87.6,180.8,158.4,181,145.8,184.3,163.3,176.6,171,192.1,158,166.6,163.9,225.2,100,150.3,146.7,160.4,72.4,131.8
024,81.6,107.2,142.3,102.4,130.4,127.9,60.6,125.4,138.4,156.2,132.3,188.8,133.2,198.4,127.1,205.8,131,203.4,75.7,174.8,140.6,174.1,142.8,176.1,155.9,164.9,150.6,186.6,145.6,155.7,140.1,207,96.3,145.7,142,149.6,66.9,130.9
025,79.7,99.5,136.9,105.3,123.1,132.8,59.8,119,126,163.1,114.8,199.2,111.6,206.9,104.6,212.4,108.6,210.5,64.9,176.5,126.7,184.8,127.3,184,147.3,177.3,137.9,201.2,142.1,166,120.6,219,85.8,147.3,130.5,159.2,64.3,130.9
026,84.3,106.9,146,101.1,133.2,128.5,61.4,126,145.8,156.7,152.5,192.3,150.3,208.4,143.5,214.2,148,212.6,82.9,177.5,154.7,175.9,154.1,175.7,163,167.9,169.2,186.7,157.1,154.9,159.2,213.8,101.5,150,149.3,149,70.4,131.5
027,81,107.5,140.7,98.1,127.3,125.7,62.5,127.3,142.4,145.7,141.5,180.7,141.1,195.5,137,200.5,139.7,198.5,73.8,174.9,149.3,167.7,151.8,168.8,160.4,165.4,157.5,182.9,154.4,149.9,149.4,202.6,101.2,141.8,145.4,143.7,67.4,133.3
028,85.5,105.9,146.8,103.3,133.1,121.7,63.2,125.7,144.7,149.7,145,182.5,144.8,195,139.4,200.4,143,198.6,79,172.2,150.2,168.3,151.9,169.4,163,162.3,162,181.3,158.2,151.3,151.8,202.5,102.3,142.4,148.5,148,70.9,134
029,76.5,103.8,139.6,97,123.7,122.4,64.7,121,141.1,152.8,141.6,187.2,138.4,203.6,131.3,209.7,135.9,208,72,178.7,147.8,172,150.2,172.9,158.7,159.7,160.3,183.3,151.2,148.8,144,207.4,97.3,145.2,140.6,143.4,66,136.3
030,82.2,105.6,134.5,100.7,124.7,126.7,59.7,126.2,131.3,160.1,129,195.8,127,214.6,121.5,218.9,125.1,217.5,72.9,180.9,141,180.2,142.5,180.9,152.5,169.9,151.7,191.8,145.8,157.5,139,213.4,94.6,150.1,131.5,152.3,67.4,135.1
031,80.3,106.4,138.1,99.4,124.6,124.9,56.4,122.4,144.9,149.6,144.4,179.2,147.6,189.3,142.8,196.3,146.4,194.2,81.6,173.5,147.3,164.1,151,165.2,161.2,158.4,160.7,173.7,155.7,148,156.2,195.2,101.5,147.1,141.9,144.7,65.3,128.4
032,75.3,101,130.7,87.4,120.4,113.5,54,120.4,135.3,141.6,131.3,172.7,131.3,190.9,126.3,196.6,130.2,195.1,71,165.2,136.6,155,139.1,155.9,155,151,154.5,174.9,145.7,137,139.1,197.4,92.6,132.7,134.6,129.4,62.1,127
033,81.9,108.4,145.7,110.5,128.2,133.7,56.3,123.2,135.9,162.5,137.3,198,140.8,209.7,134.3,216,138.7,214.3,71.2,184.6,141.1,180.5,138.8,181.6,156.8,178.2,156.7,195.7,149.8,167,146.7,219.2,94.7,153,139.3,160.2,60.4,130.2
034,81.6,106.7,137.6,96.2,129.3,121.4,61.5,128.8,145.5,148.9,147.3,179.8,149.4,193.4,144.2,200.6,147.6,198.1,82.8,178.3,150.4,164.8,151.9,164.9,162.1,156.7,164,169.8,154.9,144.6,152.3,201.8,99.9,145.1,145.1,141.7,69,139.5
035,76.5,100.7,134.1,95,120,122,59.2,121.5,130.4,146.3,132.2,181.8,132.3,190.5,126.1,196.9,130.2,195.3,73.9,169.4,135.6,163.8,134,164.5,146.8,155.1,146,175.1,141.1,145.8,140.3,199.7,93.6,138.3,134.4,141.6,66.2,126.5
036,74.8,102.2,132.3,100.3,118.3,127,51.4,120.1,124.6,151.6,125.9,189.4,125.9,202.8,120.4,207.8,123.9,206.3,62.6,174.4,129.4,174,130.1,173.2,141.5,163.5,138.8,182.9,137.2,153.2,132.8,209.6,87.8,141.9,129.7,149.2,57.1,124
037,80.8,102.5,139.3,105,123.3,129.9,58.1,120,131.8,159.1,139.6,194.9,139,214.4,134.3,218.8,137.4,217.3,73.7,181,143.8,179,137.1,181.7,149.1,174.1,153.8,187,140.1,162,147,216.9,92.2,144.9,134.4,154.4,64.7,125.9
038,81.5,104.2,137.9,107.4,125,130.7,56.9,121.1,129.1,157.4,124.7,188.1,122,200.8,115.2,206.8,119.3,204.7,69.4,175.6,131.4,174.9,133.5,177.2,145.3,173.1,142,185.7,145.5,160.3,126,209.4,90.8,147.1,133.1,156.2,62.6,131.8
039,88.4,108.6,145.7,99,132.4,124.7,65.9,126.5,141.8,149.9,139,180.8,141,194.9,132.9,201.2,139.1,199.7,78.5,180.6,142.2,167.6,147.4,170.7,157.7,164.1,155,178.4,152.4,151.5,151.5,202.8,104.5,145.3,137.3,146.6,71,135
040,79.5,99.2,136.7,92.4,123.2,118.8,55.3,119.1,135.8,150.4,128.8,180.1,123.8,195.3,117.9,200.8,121.8,198.8,62.6,166.8,137.5,168.3,139.2,168.9,148.2,160.4,144.2,180.8,143.3,148.8,129,202.8,96.5,136.8,131.5,138.3,64.2,125.1
041,81.6,101.6,143,95.8,129.2,125,61.5,121.8,144.2,149.4,147.6,181.3,151,192,145.4,202.2,150.1,197.7,75.5,189.4,147.3,165.4,150.4,168.8,164,160.3,162.6,174.8,157.2,150.5,158.2,202,100.1,144,144.4,144.3,66.1,136.5
042,76,109.6,134.7,87.8,123.2,113.8,57.3,127,142,146.2,131.8,173.7,132.7,185,127.9,192.3,131.2,189.3,72.7,166.6,136.9,159.2,141.3,162.3,154.4,151.4,151.1,168.8,151.4,141.4,142.7,185.3,99.2,140.4,139.1,135.5,68.6,134.6
043,78.8,109.9,132.3,99.2,125.1,122.1,59.2,126.3,136.9,151,135.5,178.2,135.4,190.3,130.4,196.2,133.7,193.9,71.6,171.7,138.9,163.4,145.8,168.5,153.9,157.5,149.2,178.9,145.8,146.9,140.8,196.8,97.5,146.9,139,143.4,66.4,135.3
044,76.6,108.6,134.5,97.5,127.1,121.9,57.5,127.9,138.2,151.4,127.7,183.3,125.8,195.9,121.2,199.8,124.3,198.8,69.4,170.4,137,169.4,140,171.4,149.7,164.1,147.5,178.7,146.4,151,133.4,199.2,95.8,142.6,137,144.5,64.9,129.6
045,73.9,108.4,131.9,93.5,123.6,119.1,58.8,124.8,136.6,147.1,130.2,179.7,129,192.9,124.1,196.3,127,195.6,72.1,170.9,138.6,165.2,142,167.2,152.4,160.1,149.4,174.9,148.5,145.5,138.4,196.1,94.6,141.5,137.3,140.9,63.9,129.8
046,80.6,102.9,137.7,97.2,127.7,120.9,57.3,120.8,136.8,149,134.5,182.1,130.7,197.9,124.8,203.9,128.8,201.9,74.8,170.2,143.4,168,147.2,166.6,157.8,157.6,154.8,179.8,146.2,145.8,138.6,203.5,95,137.4,138.7,139.5,64.3,129.1
047,75.3,108.8,132.2,102.9,118.5,129,56.2,125.2,137.2,158.7,131.2,188.7,129.6,201,126.3,207.5,128.9,204.9,62.9,176.6,137.9,172.5,141.2,174.7,151.1,164.7,146.9,183.7,146.9,152.4,138,207.1,92.4,151.3,134.1,149.2,63.8,130.9
048,81.7,103.4,139,92.5,126.6,116,63.7,125.8,138.6,150.3,136.9,180.7,132.4,196.6,128.3,203,131.5,201.2,75.4,171.7,141.1,166.3,143.4,167.7,155.3,157.3,152,179.3,149.4,147.6,143,200.1,98.7,142.7,139.9,142.8,69.7,134.1
049,74.4,111.2,125,93.9,118,119.9,59.6,130.9,130.9,140.5,132.7,177.1,134.3,184,129.5,187.9,132.7,186.8,76.4,166.8,130.4,159.5,137.3,159.9,145.3,144.7,145.6,157.9,141.8,139.2,141,185.6,93.5,137.8,132.6,137,65.6,138.5
050,90.1,104.8,153.5,100.9,136.5,126.9,65.3,121.1,151.7,157.3,148.6,194.8,148,207.7,140.7,215.3,145.6,213.1,83.5,184.2,154.6,181.1,157.7,176,170.1,170.4,166.8,185.3,166.1,159.1,156.9,212.7,106.6,148,153.8,151.9,71.1,134.1
051,80,106.1,134.5,98.9,126.4,121.7,60.4,125.5,136.1,148.3,134.8,182.3,136.1,190.2,130.7,195,134.4,193.9,68.6,176.4,137.2,162.9,141.3,167.4,152.8,158.2,150.1,175.3,147.5,146.7,143.3,198.6,96.7,142.6,137.5,143.2,66.6,135.9
052,79.9,103.9,146.9,95.5,126.4,122.5,62.3,120.4,144.7,157.1,151,190,152.8,206.3,146.4,215.8,151.1,212.9,82,186.4,155.2,173.9,152.8,173,166.7,164.8,169.2,184.1,157.4,153.6,164.4,216.7,98.3,144.5,144.1,148.7,66.2,135.3
053,94.3,101.1,149.1,102.5,138.8,124.8,69.8,116.7,146.7,152.4,138.2,186.8,137.3,198.4,132.5,203.9,136,202.1,73.8,172.3,145.5,170.4,149.2,174.2,161.2,166.6,155.3,186.9,156.8,153.2,146.6,205.2,106.2,141.9,149.7,148.5,71.6,123.7
054,77.6,104.4,137,91,125,118.9,55.9,123.5,139.2,148.2,138.9,177.5,136.6,190.1,130.3,195.5,134.4,193.6,70.4,171.7,146,162.9,150.5,164.6,158.2,155.5,157.2,170.6,153.3,143.7,146,194.9,96.1,140.7,137.4,140.7,61.6,133.1
055,83.8,104.6,135.2,95.2,126.8,120.1,58.7,124.6,136.6,142.7,141.1,174.9,140,185.9,135.1,190.3,138.6,188.6,78.6,170.8,145.2,159.5,144.6,159,156.8,154.2,155.4,173.5,152.1,142.6,147.4,194.2,98.2,138.6,138.8,139.8,64.7,130.2
056,81.4,106,142.2,101.5,126.6,131.3,59.3,127.4,133,162,120.6,193.6,116.6,208.8,110.5,212.4,114.4,211.7,68.8,176.6,131.6,177,139.8,182.3,151.7,169.2,142.2,194.5,147.5,157.3,125.6,214.4,93.5,148.5,134,150.8,67.1,135.8
057,76,105.9,135.9,93.3,124.3,119.9,55.9,127.7,137.5,145.2,131.2,175.5,129.4,189.6,124.2,193.5,127.6,192.2,78.5,169.3,136.4,161.4,139.1,163.1,154.2,153.8,147.7,174.1,146.4,141.7,136.4,193.8,97.5,141,138.1,138.2,67.1,137
058,72.6,110.7,121.8,103.6,116.4,125.5,55.5,126.4,126.7,147.1,124.2,174.6,122.2,185.6,116.3,190.6,120.2,189.2,70.9,171.2,128.4,161.1,126.9,160.1,141.2,155.3,140.9,166.8,136.2,145.3,132.5,188.3,88.7,142,126,143.5,62.3,136.6
059,77.7,111,129.5,101.2,119.8,124.4,57.4,129.2,137.3,151.2,133.4,173.4,132.1,183.8,124.9,190.1,129.8,188,75.5,171.6,136.1,159.9,136.3,159.1,147.5,153,146,167.1,141.1,142.4,138.4,190.1,95.6,141.3,134.6,138.1,66.4,135.8
060,81.8,109.3,142.3,106,126.3,131.4,60.7,123.8,136.5,161.6,134.6,196,134.6,212.2,129.4,216.6,132.8,215,79.6,176,136.5,180.5,128.1,178.5,151.4,171,150.5,191.2,146.8,160,142.6,214.5,95.6,147.6,135.3,154.2,69.8,132.2
061,81.1,98.8,141.8,90.3,129.8,113.7,60.5,115.3,148,142.2,145.1,174.3,146,184.3,140.2,190.7,144.3,188,78.6,169,150.5,156.4,151.5,155.9,164.6,150.5,163.7,167.8,157.2,139.2,156.4,195.1,99,134.4,146.6,134.4,66.6,124.8
062,82.4,106.7,140.2,98.4,131.1,122,60.5,126.6,143.1,153.4,136.3,186.2,132.6,201.8,125.9,206.3,130.3,205.4,76.6,173.9,148.6,173.1,149.7,172.7,159.5,164,158.4,181.2,152.9,152.7,136.9,208.2,99.7,144.8,144.7,146.3,67.6,134.9
063,83.1,105.6,142.7,101.7,128.8,126.9,65.8,121.2,142.4,156.1,141.8,187.7,139.6,199.9,132.7,204.8,137.1,202.9,76.5,177.2,144.9,173.2,145.8,172.8,155.9,169.1,156.6,181.3,148.9,152.6,148.1,209.5,98.8,142.9,144.4,147.6,65.8,135.8
064,80,108,134.4,100.4,126.5,121.9,60.2,126.2,140.8,158.1,132.5,181.7,131.5,192.9,124.7,197.2,129.2,196.4,77,171.1,138.4,166.2,141.7,168.1,151.9,160,147.5,178.6,145.2,146.8,139.8,199.7,96,143.9,134.3,144.3,68.3,133.2
065,80.2,105,133.6,104.4,124.1,118.4,54.9,124,146.3,155.1,142,179.2,139.4,195.1,133.1,200.9,137.5,199.1,73.8,172.1,148.6,167.5,147.9,167.2,158.8,160.2,157,179.5,152.1,147.3,145.2,203.6,96.2,142.1,141.9,140.2,62.8,135.4
066,77.7,103,141.1,92.8,129,114.3,56,121,145.4,147.5,133.5,174.4,132.2,191.6,127,197.6,130.7,196.3,72.9,170.8,140.1,158.5,145.7,159.3,155,157.9,152,174.7,149.2,140.8,136,199.5,100.6,136.7,141.1,134.2,63.9,129
067,85.8,106.3,143.6,100.2,129.3,126.1,63,126.6,140.2,159.2,143.7,185.8,144.3,193.7,139,199.6,142.4,197.2,85.7,173.5,146.8,170.3,138.7,173.7,158.9,168.6,161.9,183.1,152.4,157.7,149.7,206.6,99.4,146.5,142,153.6,68.3,130.3
068,92,110.9,146.8,100.2,135.5,128.1,63.9,130.1,152,159.9,154.4,193,154.4,209.8,145.3,218,151.7,216,86.9,186.6,159.3,176.4,160.7,175.4,174.2,166.7,173.8,185.4,166.1,153,165.3,222.9,105.7,149,153.1,147.9,72.3,140.4
069,74.7,94.1,131.9,98.4,119.8,119.5,53.4,114.3,129.5,150,122.4,182.4,121.5,196.6,115.8,202.7,119.3,201.2,62.1,170.9,132.2,166.3,136.6,169.6,150.8,159.8,143.3,182.1,140.2,147.6,132.6,203,87.5,136.6,131.1,142.4,57.6,125.1
070,78.1,106.5,135.1,98.3,123.7,127.8,62.4,128.7,129.8,156.6,122.4,185.1,122.8,197.9,117.7,202.5,121.2,201,73.4,170.1,129.7,169.2,133.9,172.2,146.4,161.2,141.7,178.1,142.9,152,132.3,204.6,92.9,144.9,133.3,146.6,69.9,132.7
071,77.3,102,126.6,83.2,122.4,110.9,61.1,124.5,138.1,138.3,130,163.6,129.1,179,126.2,183.1,128.7,181.9,76.4,171,136.1,152.4,142.7,154.1,154.4,145.3,152.7,163.3,149.9,133.7,143.3,186.9,93.5,131.5,137.8,129.5,69.9,128.8
072,82.3,107.1,142.2,90.4,127.3,117.3,62.7,129.3,149.8,152.7,140,176.4,134.3,193.8,128.2,200.2,132.2,198,75.6,170.9,147.9,163.6,156.9,170,167.5,163,159.7,181.5,161.5,146.9,142.8,199.5,100.9,144.7,150.2,141.9,74.2,137.2
073,81.7,111.3,138.8,105.8,125.4,128.1,62,129.7,138.4,158.1,138.6,184.9,135.1,198.6,128.1,205.7,132.7,203.3,73.9,181,143.1,173.3,145.3,173.8,154.9,169.3,154.5,184.6,148.6,155.7,145.4,208.4,95.8,147.8,143.1,151.4,66,141.1
074,84.8,105.1,146.3,89.3,134.7,113.1,64.8,126.9,151.3,142.4,145.1,178.7,147.7,192.7,140.3,199.5,145.1,196.9,84,178.1,148.8,161.5,150.2,163.4,168.1,159.8,163.9,175.8,162.5,143.4,157,204.4,107,140.1,153.1,135.5,71.7,136
075,80.5,105.5,137.8,100.7,126.4,121.9,62.5,126.9,140,150,134,181.3,128,196.3,123.4,202.3,126.8,199.9,74.7,169.3,142.3,169.7,144.5,169.2,155.3,161.5,148,183.3,149.3,148.7,135.4,202.6,98.2,142,140.4,145.4,70,133.4
076,77.1,101.1,132.9,89.3,123.1,114.7,59.6,123.1,141.2,140.1,140.8,173.6,140.3,186.9,133.3,193.1,137.5,190.8,78,169.5,148.8,156.6,151.7,157.6,159.8,153.1,160,165.5,149.7,138.3,150.2,194.7,100.8,136.4,141.2,135.1,68.4,131.4
077,84.5,97.6,145.7,91.3,130.7,118,62.7,120.6,145.8,149.4,140.8,178.5,138.3,193,131.7,202.7,136.5,198.9,78.3,174.4,149.3,163.8,151.7,166.4,162,159.8,158.9,174.1,156.1,144.4,151.9,200.1,102.1,137.2,146.5,142.6,70.3,134.7
078,85.7,100.7,144.2,94,133,119.5,65.7,121.5,141.2,148.9,143.3,178.8,145.4,197.9,140,202.5,143.3,200.6,85.7,160.5,149.6,165.9,148.5,165.2,156.3,159.3,158,174.1,150.3,147.5,152.3,203.4,101.7,142.6,144.1,141.8,75.5,129.8
079,88.4,107.1,147.1,108.1,130.1,130.3,62.8,125.7,142.1,168,145,195.4,148.6,211.8,144.9,219.9,147.8,216.4,78.2,191.9,149.2,184.3,146.9,182.8,160.4,174.7,161.9,189.6,152.5,162.4,156,218.8,96.1,152.6,145.5,156.7,67.3,136.8
080,81.9,108.2,135.4,107.9,122.6,128.8,58.4,119.8,129.4,152.7,123.8,179.7,119.1,192.4,116.1,194.7,118.4,194.5,71.3,163.1,130.3,168.1,132.6,169.9,149.2,159.6,140,179.4,142.2,152.2,130.2,206,92.1,140.3,133.3,148.1,64.6,128.5
081,82.3,104.3,139,98,125.3,125.3,62.8,126,138.5,157.8,130.1,194.7,128.8,208,122.3,214.2,126.7,212.4,75.7,177.6,138.5,180.1,144.1,176.2,154,170.7,149.8,185.7,148.3,154,130.5,215.5,98.8,146.5,141.4,149.2,69.7,136
082,76.6,96.9,134.9,87.2,121.5,117.3,58.4,119.3,137.2,148.8,136.7,183.3,135.7,200.2,129.8,206,133.5,203.5,80.2,174.9,143.7,168.9,145.8,168.3,155.5,159.3,155,180.5,146.5,144.5,141.7,207.4,94.9,134.9,138.2,138.1,66.6,127.1
083,73.7,96.6,124.1,86.3,115.9,114.5,57.5,120.1,132.4,135.8,129.8,167.1,129.1,180,124,185.1,127.7,183.3,71.2,164.2,134.3,154.3,137.6,151.5,149.8,143.9,145.3,163.1,144.2,133.4,134.5,186.6,94.1,131.9,135.3,129.1,63.4,127.4
084,78.6,100.7,138.8,95.8,126.4,120.9,54.5,120.5,137.6,153.8,127.6,184.4,119.4,202.7,114.1,204.1,116.9,204.1,63.3,172.5,134.9,170.4,138.1,174,152.6,163.4,147.9,182.4,148.4,151.4,124.6,205.6,94.8,141.7,139.6,143.6,61.1,132.6
085,75.3,100.2,139.3,102.3,122,127,53.2,120.1,127.7,161.8,128.1,196.4,118.4,213.3,112,217.4,115.9,216.2,64.2,183.1,134.4,180.5,131.7,181.8,148.4,175,147.9,196.2,143.5,161.6,123,219,85.2,148.8,134.4,155.4,58.6,125.7
086,89.4,97.5,145.6,95.2,133.3,115.9,69.9,120.8,148.2,149.2,150.1,183.9,150.5,201,143.6,206.7,148.5,205,83.1,178.6,152.4,167.6,154.1,167.5,167.4,158.5,167.6,177.4,160.3,144.9,155.4,206.9,103.3,139,148.5,138.3,74.6,133.5
087,82.6,105.5,144.5,94.8,130.1,122.9,63,121.4,138.2,157.8,132.7,189.6,134.1,203.5,128.3,211.8,133,209,69,179.5,140.2,174.2,144.9,177.6,159.2,169.4,152.3,190.2,152.8,153.8,141.3,215.3,97.1,146,142.5,148.8,65.1,138
088,73.6,112,128.3,99.3,116.6,125.2,57.2,129.6,133.5,149.4,128.9,177,126.2,189.6,120.3,192.5,123.7,192,75.8,165.4,134.3,163.8,136.7,165.2,148.7,156.2,144.5,177.8,142.7,145.2,131.5,197.7,94,143,133.1,142,66.9,136.4
089,76.3,103,140.1,95.7,121.9,123.2,54.5,124.3,137.8,152.4,149.2,186,150.3,198.8,145.3,207.1,149,203.6,83.5,183.8,151.4,172.4,141.5,170.6,154.2,160.8,161.2,181.5,150.2,151.1,158.5,207.5,92.2,145.2,140.6,148.3,63,134.6
090,77.5,98,133.9,92.7,123.1,118.2,54.5,114.9,129,149.3,121.4,180.2,119.2,191.4,112.3,198.6,116.7,196,63.7,169.4,130.8,167.5,134.1,168.5,147.2,159.4,144.3,177.9,142.7,146.3,127.2,202.1,91,137.4,132.5,142.3,59.5,125
091,82.3,104.3,140.7,104.6,128.1,130.2,57.4,122.2,130.9,158.9,137.9,195.7,134.9,210.7,128.3,215.9,132.7,214.6,80.8,177.3,143,181.2,138.6,177.1,154.4,171.9,155.4,185.7,147.1,158.8,143.6,213.8,92.7,145.6,136.8,152.8,64.5,131
092,75.4,88.6,136.8,86.3,123.6,106.3,57.7,115.3,142.8,140.8,144.1,179.1,143.1,195.9,138.1,203.6,141.7,200.3,77.1,172.8,151.6,162.4,151.9,158.3,161.6,150.6,162.8,169.5,151.1,134.5,148.7,201.8,96.9,132.7,141.8,127.6,62.2,125.7
093,78.2,100.3,136.9,93.6,123.6,120,57,117.8,137.3,144.8,134.2,181.4,132.7,191.2,124.7,197.9,130.2,195.7,66.2,170.7,143.4,162.9,145.6,163.2,156.9,156.6,153.9,176.7,148.7,142,142.9,200.3,95.8,140.1,142,137.1,61.3,123.9
094,77.9,92,137.3,87.9,123.3,113.3,56.2,114.4,134.6,150.3,141.5,184.6,143.8,201.8,136.6,207.9,141.4,206,72.9,173.4,144.9,168.4,141.5,167.3,155.3,159.3,158.8,178,147.5,147.3,149.7,207.9,91.7,137.8,138.9,142,61.9,125.5
095,81,102,143.1,106.1,128,130.7,54.1,119.4,138.1,159.9,142.9,195.3,140.5,209,133.7,216.1,138.4,213.5,75.6,179.8,147.8,178.3,143.1,181.1,155.9,169.3,160.9,188.1,144.6,158.6,152.5,216.3,94.2,147.5,138.9,156.2,63,128.1
096,74.1,101.4,130.6,94.5,114.9,124.9,51.6,123.8,130.4,154.2,125.2,187.8,125.6,200.4,119.2,207.1,123.7,205.1,68.3,179.9,133.6,170.3,135.6,170.8,149,164.2,146.1,184.8,145.4,150.5,133.7,208.3,89.5,143.8,134.9,146.1,60.1,135.7
097,82.7,107,141.1,96.7,127.3,121.9,60.6,128.3,155.7,158.2,148.6,184.2,145.4,200.8,139.7,206.7,143.7,204.7,79.3,186.2,156.9,171.3,159.4,172.5,171.3,163.4,167.5,183,164.2,149.3,152.6,208.3,103.4,145.3,152.6,145.7,68.7,141.3
098,78.3,101.9,133.9,91,125.5,115.5,61.8,121.4,141.4,143.2,140.9,172.8,140.4,188.4,133.8,194.4,138.2,192.9,74.9,176.8,144.2,158.7,148.5,161.9,156.6,155.6,154.9,173.4,148.6,141.1,147.7,193.3,98.1,138.9,140.4,137.9,67.3,135
099,79.2,99.3,130.7,89.3,123.5,115.3,60.5,121.2,136.3,149.8,139.7,176.7,140,189.5,136.2,195.1,139,193.3,83.3,166,140.5,160.9,138.6,161.5,152.7,152,154.2,166,144.6,140.7,145.4,194.5,96.8,135,137.6,136.5,70.4,126.1
100,87.2,108.8,144.3,107.7,131.3,130.3,64.6,121.5,137.9,164.5,129.6,189.4,127.6,206.3,123.8,212.1,126.9,210.1,69.5,172.4,140.2,177.2,145.4,181.7,154.7,175.5,148,190.3,151.7,162.5,137.5,215.9,101.8,150.9,138.3,156.1,70.8,135.9
101,84.6,93.7,145.5,88.4,127.5,114.2,61.6,114.2,141.3,146.4,134.3,178.9,135.9,194.6,129.7,202.1,134.6,199.5,70.8,165.7,141.4,162.7,145,166.3,159.2,155.9,153.4,172.2,156.5,144,143.1,203.1,97.7,136.4,138.3,139.8,66.5,128.3
102,79,107.3,141.9,100,129.1,127.4,60.3,126.3,140.7,157.7,135.1,187.9,132.5,205.2,126.5,209.9,130.2,208.5,72,183.6,142.4,171.1,150.7,177.3,161.6,171.9,155.4,188.8,155.9,156.4,141.5,211.2,93.5,150,142.7,149,62.8,139
103,87.3,101.3,143.8,95.8,128,122.4,58.4,116.2,140.2,148.3,133.6,181.3,130.3,196.7,124.1,201.1,128.4,200.3,70.6,174.8,143.4,168.9,143.4,168.6,156.6,160.3,153.3,181,148.5,148.1,137.9,201.8,100.7,138.3,137.9,139.6,63.7,127.4
104,86.4,101.6,151.4,97.1,133.4,122.4,62.9,122,148.3,154.8,141.2,188.6,139.7,206.4,133.6,212.2,137.5,210.7,76.8,180.2,150.8,172.5,154.3,173.2,166.6,165.4,163.7,185.3,159.4,152.4,148.7,211.3,104.2,144.6,147.9,145.7,68.5,134.6
105,78.3,114.9,133.1,109.5,122.1,131.6,58.2,128.3,130.6,153.5,125.6,177.1,123.1,187.4,116.4,192.1,120.8,190.2,75.9,169.5,128.3,167.6,130.5,166.1,141.9,162.3,139.2,169.9,140.3,150.4,127.4,191.4,95.1,143.4,130.5,143.4,64.4,136.1
106,87.5,97.2,147,93.2,131.3,118.8,65.8,122,143.6,151.1,150.9,188.3,152.6,201.6,143.5,211.1,150,207.6,84.2,184.4,151.2,171.5,150.5,168.6,165.8,164.8,165.9,178.9,155.1,150,161.8,209.1,105.5,140.4,143.6,144.1,72.9,134.9
107,81.3,103.9,139.7,91.5,127.9,119.3,65.6,120,138.4,149.4,133.1,178.2,137.3,195.9,133.4,204.5,136.9,201,74.4,184,137.8,162.2,146.2,168.5,156.9,157.6,150.9,174.3,151.4,146.3,143.5,202.5,98.9,146,140.5,140.8,70.9,138.9
108,79.5,104.4,140.2,90.8,127.6,117.2,64.8,120.5,145.5,147.1,140.9,181,140.7,195.8,134.2,202.7,138.9,200.7,77,179.2,148.3,162.8,154.8,165.5,163.9,156.6,160.8,175.6,158,144.1,148.3,199.1,100.3,142.7,146,139.4,67.5,137.1
109,84,114.9,136.9,111,127.9,135.5,67.4,121.6,132.9,160.1,126.2,188.2,121.5,201.3,115.7,205.2,119.2,204.6,76.4,172.2,132.8,176.1,135.6,177.5,146.2,166.8,143.3,187.9,139.8,157,130.5,208.3,97.6,149.1,137.7,150.8,72.9,137
110,85.6,106.8,145.3,96.7,132.1,124.2,61.8,120.9,137.6,154.3,145.9,188.6,150.9,204.8,146.1,210.9,149.7,209.5,85.1,184.7,148.4,174.1,150.4,172.4,159.4,166.6,159.7,179.9,153.1,152.3,158.2,208.3,98.2,147.8,144.5,145.4,69.5,138.5
111,74.9,102.3,130.3,98.2,121.3,121.1,56.3,115.4,128.7,152.9,133.8,185,133.4,201.2,127.1,207.1,131.5,205.7,74.4,173,137.8,170.8,135.8,168.7,143.9,162.2,146.7,178.7,139.3,149,140.1,206.9,90.7,142.1,128.1,146.2,62.5,130.4
112,84.5,104.9,145.1,96.6,130.8,121.6,65.6,121,143.1,152,141.2,185.1,140.5,198.8,134.3,204.5,138.7,202.3,82.8,171.8,147.5,171,153,168.3,161.6,157.1,161.2,175.7,153.1,146.2,144.6,204.7,99.9,143.6,143.9,144.8,73.3,131.6
113,84.1,106.2,141.5,96.3,131,121.9,68.7,120.8,145,149.2,136.7,181.3,135,191.6,129.2,196.5,133.3,195.5,78.6,170.5,145.6,163.3,148.9,165.1,159.4,158.4,156,175.8,154.9,146.9,145.6,199.4,99.8,139.2,147.8,141.1,72.7,134.6
114,81.4,104.3,139.4,105.7,124.2,131.4,64.3,120.5,130.1,161.7,137.5,196.5,136.8,212.8,131.4,218.2,135.3,216.8,79.2,174.8,144.2,180.9,132.1,180.8,150.8,171.7,158.8,193.1,145,160.6,143.7,219.5,94,146.5,138.2,154.4,72.7,136.7
115,82.3,106,141.4,99.2,128.3,124.6,64.8,122.4,136.8,154.5,139.8,186.5,137.8,198.4,131,206.4,136,204.1,74.5,178.6,144.7,172.8,144,172.5,155.9,164.6,154.6,180.8,149.8,152.5,144.7,206.8,96.4,145.8,133.7,147,66,138.4
116,80.9,101.7,139.7,88.8,126.9,120.3,63.4,118.1,146.7,145.9,151.9,184,154.4,200.5,146.2,206.9,151.9,204.8,82.1,175.4,156.5,163.9,155.1,164.9,167.4,157.6,172.1,177.6,159.9,146.2,160.7,207.5,101.2,140.8,142.6,143,68.2,129.9
117,71.9,98.7,135.3,88.6,126.7,117.7,62.4,119.8,143,146,136.4,180.4,134.8,196.5,130.7,201.9,133.3,199.8,76,169.5,143.6,162.5,148.5,165.5,158.9,159.2,154.5,175.1,151.3,141.8,144.3,204.5,95.4,141.9,139,135.4,71,139.9
118,85.4,112.8,144.5,107.9,131.2,131.4,63.7,123.1,139.2,168.9,125.5,193.7,118.1,207.6,112.9,211.4,116.2,210,65.6,174.7,136.2,183.5,139,183.9,152.7,178.2,143.6,195.5,150.1,164.8,125.5,211.4,96.6,151.8,138.6,156,67.9,139.1
119,82.4,102.7,137.8,96.5,126.5,124.6,63.5,121.3,132.5,154,132,185,130.7,202.2,127.4,207,129.5,205.1,76.2,174.4,136.3,173.7,135.9,171.5,150.3,166,149.1,182.5,145.3,153.6,137.9,207.6,98.3,143,136,147.1,72.7,138.3
120,88.3,106.3,149.1,100.6,136.9,125.5,63.1,122.2,150.5,152.3,144.4,187.4,142.7,199.7,137.5,207.3,140.8,204.3,77.5,181.8,153.8,173.1,154.9,173,169.2,166,165.1,187.1,164.6,149.4,152.1,208.6,103.5,143,152.2,147.8,73.2,134.6
121,84.7,112.1,140.7,111.8,125,136.2,60.1,121.8,133.1,167.1,133.5,198.7,131.1,212.6,126.1,219.7,129.4,216.8,71.7,179.4,138.7,183.6,135.7,185.2,151.3,177.4,148.2,196.5,141.7,166.6,138.8,224.5,94.1,153.3,138.3,160,74.1,144.1
122,71.3,109.2,129.5,108.3,115.8,130.2,54.9,120.7,124.1,160.4,118.1,183.8,112.5,198.4,107.3,202.1,110.6,201,57.6,171.6,125.5,173,128.3,175.2,138.8,166.7,131.8,187.6,131.9,154.3,117.5,203.9,83.2,145.3,125.5,148.9,59,135.3
123,77.7,106.5,138.4,101.2,123.3,124.8,60.2,121.2,135.4,156.4,130.2,186.6,129.7,200.8,124.6,208,128.3,205.5,71.4,179.4,136.6,173.4,138.9,173.7,151.2,168.8,147,186.3,144.6,153.3,140.7,213.3,95,143,135.3,147.6,62.2,136.8
124,85.7,101.4,144.2,99.1,130,121.8,61.1,116.7,138.2,155.8,140.9,189.3,138.3,204.6,131.6,211.3,135.7,208.7,84,180.1,146.5,174.3,141.2,175.2,152.9,165.7,154.6,176,151.7,153.1,136.2,213.9,96.2,143.7,144.8,146.8,70.4,131.7
125,79.8,100.6,135.7,91.8,124.7,117,62,122.2,141.2,149.5,134.6,176.9,131.4,194.6,124.7,199.8,129.2,198.7,78.4,172.6,144.6,164.9,146.9,166.3,157.4,155.9,154.4,174.8,149.8,143,137.2,199.8,97.7,139.3,143.2,138.2,68.8,133.1
126,79.1,106.8,136,104,123.5,129.1,63.4,122,140.2,158.9,145.2,193.8,146.7,203.8,141.6,209.8,145.2,208,74.9,183.7,148.2,176.4,148.4,175.5,158.6,168.9,160,186.9,153.4,156.6,153,210.6,94.5,148.2,141.7,152,65.3,137.1
127,83.9,102.5,139.9,92,130.2,121,68.9,121.7,144.8,149.8,141.5,181.8,142,195.6,137.4,201.9,140.7,199.8,83,166.6,148.4,167.5,150.9,164.6,160,158.5,157.8,179.5,151.6,146,149.8,202.7,102.9,139.8,145.6,139.9,76.9,130
128,76,95.5,130.7,86.4,122,113.1,60.4,115.6,132.3,138.3,130,166.6,130.9,179.4,124.9,187.5,129.1,184.5,69.1,165,135.9,154,138.9,155.6,150.6,147.4,147.5,166.9,144.2,134.4,139.5,192.2,93.3,132.8,137.3,130.7,65.6,130.7
129,82.5,112.9,138.5,103.4,128.8,129.2,64.4,120.1,142.2,157.2,138.7,186.2,135.7,197.8,131.8,205,134.4,201.9,77.8,177.2,144.8,171.4,151,172,157.2,170.6,156.2,182,152.6,153.4,143.7,208.4,98.8,147.9,139,150,67.6,136.8
130,82.6,101,143.3,88.2,128.6,118.6,63.4,115.4,142.7,151.9,150.1,184.8,152,198.7,146.8,207.7,150.5,204.2,77.6,169,150.3,168.3,149.3,168.2,162.9,158,166.8,178.8,156,148.7,156.9,207.8,99.9,141.4,141.9,146,71.1,126.3
131,80.7,95.4,137.2,96.8,122.6,121,62.3,115.7,129.9,147.4,127.2,174.6,125.2,185.1,119.2,190.6,122.9,189.1,75,166.2,131.2,162.4,131.8,160.5,142.3,153,140.1,170.6,137.3,143.1,132.3,192.5,94.1,135.2,134.1,139.7,64.2,131.1
132,81.3,107.6,139.3,102.8,130,126.8,63.9,121.4,139.9,154.2,135.9,182,134.8,194.3,130.2,202.4,133.5,199.2,72.2,173.6,143.2,169.5,146,170.6,157.2,163.8,152.7,182.8,148.9,151.5,143.1,203,97.1,146.8,139.4,145.9,66.3,136.4
133,75.4,92.4,130.4,73.2,124.4,103.2,59.3,113.6,139.2,132.8,130.4,163.6,128.8,176.3,124.4,182.6,127.7,180.1,76.6,155.2,138.1,148,145.5,150.9,156.6,139.2,149.5,160.8,149.5,126.1,137.9,184.2,98.6,127.9,140,123.1,69.2,121.2
134,71.2,98.3,127.4,87,116.7,111.9,58.7,114.8,135.4,137.5,127.2,164.3,123.6,179,118.9,184.2,122,182.3,67.3,160.9,133.9,150.5,142,155,150.8,143.5,145.4,165.1,142,133.4,131.3,185.9,91.4,131.9,134.8,129.1,62,130.5
135,82.3,111.2,137.9,108.9,128.8,133.8,64.6,119.7,136.9,161.7,145.3,192.6,147.7,204.1,143.4,209.5,146.3,207.6,80.1,177.7,144.9,176.5,144.4,176,154.6,167.2,158.2,182.1,145.7,158.5,154.5,211.2,96.4,151.1,140.2,153.9,69,135.7
136,76.4,97,138.8,82.7,122.1,112.5,58.4,115.1,146.1,148.6,142.9,177.2,141.1,198.7,134.2,205.4,138.7,204.1,76.4,173.6,145.6,161.8,150.5,163.4,163.5,154.6,160.5,175.5,157.2,140.4,146.5,206,98,137.8,146.1,134.8,65.4,128.8
137,83.5,106.1,148.1,94.7,136.6,125.1,60.7,121.8,155.6,156.8,154.3,189.1,152.2,207.2,146.9,214.7,150.4,212.1,81,190.7,162.7,175.5,164.7,174.1,173.5,166.1,172,183.6,165.4,149.7,157.1,216,106,149.4,154.8,146.1,65.1,139.1
138,80.2,94.6,136.3,94,122.3,120,62.1,121.1,126.7,152.5,129.6,185.8,128.9,200.6,125.7,205.4,128.1,203.5,76.8,174.4,134.4,169.4,128.9,172,144.4,161.9,147.4,180.1,137.3,150.2,136.3,208.4,90.1,137.9,125.6,141.2,68.7,134.9
139,92.1,104.3,154.9,105.3,137.2,130.8,62,120.2,142.9,162.6,133.3,198.8,130,214.7,124.7,222.1,128.4,219.7,69.6,178.8,143.5,185.1,145.6,185.6,159.5,183.6,154.8,201.5,156.4,166.6,138.9,224.9,102.1,150.2,145.6,157.6,70.9,133.8
140,78.4,101.4,135,88.5,123.6,117.3,59.5,120,132,146.9,129.3,177.6,128.7,190.5,123.5,196,127.1,194.2,70,167.3,137.2,162.3,139.4,163.7,151.1,156.3,150.6,173,145.8,141.7,131.1,200.6,94.7,138.3,132.9,137.8,67.8,134.4
141,88,107.9,144.2,107.6,132.5,133.9,64,121.8,137.3,160.9,133.1,191.2,132.8,203.6,127.5,208.9,130.6,206.3,64.8,179.2,136.5,177.3,139,179.3,152.3,172.3,148.9,187.5,148.4,161.6,142.1,209,97.9,150.5,139.7,155.8,66.9,137.5
142,80.3,97.3,137.9,95,121.8,120.7,59.5,117.4,131.4,141.5,128.9,174.5,128.9,182.4,123.4,189.9,127.5,187.4,66.9,163.7,133.9,159.3,139.6,160.9,148.8,153.9,144.5,171.7,145.7,141.5,136,192.5,94.6,136.8,137.4,136.9,65.5,135.7
143,78.5,95.7,135.6,93.4,122.9,118,60.6,114.7,138.3,145,140,179.2,143.4,193.8,139.6,200.9,142.6,198.7,76,172.4,140.5,164.4,142.2,164.6,154.6,158.5,155.6,173.3,148.1,147.9,154.5,202.1,96.5,136.1,137,142.4,66.8,127.3
144,83.2,100.4,143.9,94.7,130.2,120.7,61.5,120.5,142,158.4,142,187.7,141.3,205.5,136,213.1,139.9,210.2,76.8,187,144.3,173.1,145.3,172.6,158.3,164.6,158.6,183,152.6,153.1,150.4,213.4,95.8,146.6,140.6,148,68.7,131.1
145,77.2,105.7,133.3,92.8,125.3,121.1,62.9,122.2,134.5,152.8,142.1,180.7,147,197.5,142.7,204.7,145.5,202.2,87.4,174.7,139.9,169.7,138.8,169.5,150.3,157.8,152.9,173.6,143.7,148.5,150.7,203.6,96.6,146,135.5,144,71.2,130.5
146,82.8,107.3,145.1,108.7,130.5,138.5,59.1,120.4,134.5,169.4,128.6,196,117.9,216.2,110.6,219.9,114.6,219.4,60.2,193.5,134.7,185.7,138,190.7,152.2,182.5,145.1,199.8,148.2,168.3,123.1,223,90.7,154.2,136.3,161,61.8,137
147,77.4,101.5,135.1,99.2,122.8,126.3,64.5,120,130.2,152.2,127.6,185.8,124.5,195.6,119.7,202.9,122.9,200.1,67.4,170.1,133.8,172.8,135.4,172.7,150.4,164.1,145.3,185.5,143.9,151.8,133.5,206.1,90.8,143.3,131,147.3,66.7,136.6
148,75.9,102.7,132.6,97.8,124.3,121.2,59,120.5,134.5,155.7,124.4,187.7,120.7,199,114.4,205.9,118.4,203.3,65.7,173.8,131.6,172.2,133.9,173.9,149.6,162.5,142.7,185.3,141.9,151.6,128.1,211,90.5,142.9,134.9,145.2,60.6,133.9
149,80.1,103.9,141.3,94.2,127.9,119.5,60.6,124.4,146.8,149.2,142.5,179,143,189.9,138,198.1,141.5,194.5,76.8,175.9,148.6,161.8,152.7,165.6,164.8,159.9,159.8,178.7,158.4,146,147.4,203.9,98.9,144.1,147.5,143.1,67.3,135.2
150,75.7,97.6,135.9,88.7,123.1,112.3,59.4,116.1,133.6,141.3,124.7,169.4,119.6,183.2,113.8,188.2,117.6,186.5,65.7,148.7,132.3,159.4,137.7,159.9,148.4,150.3,142.3,169.1,144.1,139.7,127.6,190.1,90.4,131,134.4,134.5,62.7,121.9
151,84.6,102.2,142.2,105.5,131.3,131.5,65.1,120.6,136.7,157.7,130.1,188.7,126.9,203,123.6,207,125.9,205.6,71.4,174.5,136.4,175.3,137.6,175.7,153.1,170.3,147,186.4,147,157.7,135.9,210,95,144.9,134.4,151.7,67.2,135.9
152,76.6,100.9,132.7,93.9,122.3,118.4,58.7,119.5,131.5,152.2,126.8,181.3,113.2,199,108.1,202.5,111.2,201.4,62,171,136.6,172.8,138.8,172.5,147.3,166.8,141.4,185.3,141.3,149.9,113.6,205.7,93.1,138.1,132.8,140.2,65.4,135.1
153,85.5,108.8,139.2,96.3,132.5,117.7,64.8,121.9,146.8,152.3,143.5,178.4,145.2,195.9,141.4,201.7,144.8,199.5,82.2,180.6,145.5,165.2,150.2,170.2,159.9,162,158.4,175.6,153.1,148.3,154,201.2,105.7,147.1,144.4,144.1,72.7,142.6
154,83.9,108.9,139.8,105.3,128.9,128.4,61.5,121.1,137,161,127.2,190.3,117.7,205.6,110.8,210.4,115.3,208.7,64.2,171.2,137.8,177.6,140,180.8,154.7,172.4,144.3,196.3,147.7,159.4,122.7,215.8,95.4,147.4,139.4,155.1,64.1,135.7
155,73.7,103.4,134.1,93.6,118.9,118.9,61.4,115.6,134,147,128,179.1,127.1,192.8,122.3,197.6,125.5,196.3,68.6,166.8,131.6,163.1,136.5,165.5,147.7,154.3,144.7,174.3,144.1,142.7,132.6,197.6,91.3,137.9,132.5,138.7,66.4,129
156,84.8,108.1,148.3,102.3,132.2,127,62.9,120.8,136.5,158.6,133.1,191.9,129.3,206.8,125.2,213.6,128.1,210.4,64.8,179.8,136.9,179.3,134.7,178.8,153.4,170.8,150.4,188.2,148.4,158.1,137.4,212.2,99.5,149.8,136.6,151.5,70.1,141.5
157,77.6,99.2,134.3,93.1,121.7,118.1,58.1,114.8,126.6,149.2,130.6,181.3,131.1,194.7,126.7,201.3,129.8,198.9,69,166.1,135.1,167.5,132,166.3,142.6,157.4,143.9,177.2,139.8,147.6,136.6,203,91.1,140.7,129.6,143,64.9,125.9
158,82.2,95.1,141.8,86.4,131.7,112.1,66.9,121,146.9,140.6,146.6,173.1,143.7,188.8,137.8,196.6,141.7,193.5,79.7,173.8,153,157.7,154.6,157.5,167.5,152,164.8,173.5,161.5,135.8,151.8,195.6,102.6,133.8,147.1,130.7,71.2,136.2
159,80.5,92,136.2,84.9,128,107.4,61.8,115.3,141.5,135.4,135.9,168.7,136.3,183.1,132,188.9,135,186.9,70,164.1,140.5,154.7,144.9,155.5,153.6,146.7,150.9,163.8,148.3,132.9,145.4,187.9,95.7,133.6,141.1,127.8,68.2,130
160,89.6,106.2,148.3,102.5,137.2,123.7,64.1,121.3,150.4,161.3,157.1,198.4,159.6,213,154,221.7,158,217.9,82.7,180.1,156,181.4,151.1,180.5,165.7,171.1,172.6,188.1,157.8,160.8,168.9,220.5,99.9,152.8,151.5,153,70.6,135.4
161,81.5,106.1,134,99,124.3,124.4,62.4,120.2,133.1,152.2,137,183.3,131.8,195.3,128.3,199.4,131.6,198.6,74.2,172.2,139.6,169.8,136.7,168.4,150.7,159.7,148.6,179.6,141.3,148.9,141.4,202.6,95.4,141.6,133.1,145,72.2,129.6
162,82.3,103.3,138.8,98.5,130.4,123.7,60.4,120.4,145.9,157.3,150.8,194.6,149.2,210.6,143.6,217.4,147.3,214.9,80.9,184.8,155.1,177.3,154.1,178,167.9,166.7,168.5,188.5,158.8,152.2,158,215.6,101,144.1,151.1,146.5,67.6,133.4
163,81,105.9,142.4,102.4,127.8,126.6,62.6,121.5,142.9,155,139.9,186.5,137.3,203.2,133.4,208.3,135.9,206.3,76.6,185.2,146.1,171.4,142.7,173.9,158.2,168.5,160.5,181.5,150.9,155.4,147,207.2,94.9,144.5,135.1,148.4,65.6,136
164,74.3,104.2,131.5,93.4,120.4,120.5,57.6,115.5,133.5,151.9,126.5,182.6,121.6,198.4,116.5,203.5,119.7,201.5,65.1,166.8,132.2,167.2,137,170.8,148.2,161.3,144.5,181.2,142.2,150.3,129.3,202.2,90.4,142.5,133.2,145.3,63.9,130.2
165,69,106,123.2,99.6,114,123.4,59.2,122.1,122.6,148.3,125.3,173.5,121.2,185.3,116.2,191.8,119.6,189.9,63.8,163.4,128.6,162.3,126.1,163.6,137.7,154.4,138,174.2,133.5,145.5,128,192.1,84.7,138.9,123.9,142.6,61.1,137
166,84.9,109,147.2,110.2,129.8,131.2,63.3,121.5,135.7,162.7,135.8,191.9,137.8,201.7,133.5,209.4,136.8,206.4,68.9,184.6,136.9,176.4,136.3,176.3,151.4,173.2,151,186.5,148.4,165.4,146.9,210.7,94.7,149.1,138.5,157.6,66.6,136.6
167,79.8,110.6,144.9,103,129.6,127.5,62.6,121.4,140.7,159.6,134.5,191.6,121.3,212,114.7,214.3,118.7,213.9,66.5,177.3,144.1,181.7,146,181.3,159.1,175,151.6,194.5,156.1,159.9,133.5,214.7,96.9,148.7,143.3,153.5,68.6,137.3
168,87.4,105.5,147.1,90.9,137.4,121.3,67.6,122.2,155.1,154.3,147.2,185.6,148.9,202.2,145,207.8,147.8,205.9,80.3,181.5,156.3,166.8,161.2,169.5,170.7,163.2,168.9,178.1,162.8,147.6,160.6,204.1,105.7,142.1,150,141,73.9,137.4
169,81.6,107.3,148,108,129.1,135.5,58.3,121.8,135.7,167.2,131.7,201,126.7,215.2,119.3,222.7,124.5,220.1,65.8,181.5,137.4,186.5,134.8,185.6,153.2,181.1,149,201.9,150.3,170.1,134.2,223,96.5,150.2,130.7,153.3,62.7,137
170,71.8,102.1,129.1,84.7,118.5,115.7,58.1,120.8,141.9,147.9,132.6,179.6,126.7,201.4,117,206.1,123.3,204.9,70,176.7,140.9,162,144.8,165.6,155.1,157.7,148.7,180.3,148.9,141.2,134.6,206.1,95.7,139,137.2,133.4,66.5,131.2
171,91.5,113.2,151.8,98.4,138.1,125.5,65.4,121.7,156.4,159.2,157.8,186.6,160.2,202.5,151.7,210.4,157.6,207.9,82.8,190.3,158.8,174,158.8,172.9,174.9,166.1,175.5,179.4,165.9,153.7,168.5,209.4,108.6,150.1,155.1,149.6,73,143.5
172,84.7,97.1,144.1,101.7,130.1,128.2,64.6,121.8,132.7,166.6,134,198,129.5,216.1,122.2,223.7,127.5,222.1,71.8,175.3,141.7,184.4,133.6,183.5,150.3,177.5,150.6,201.1,148.7,165,137.5,222.5,92.3,146,137.1,155,71.9,126.3
173,83.6,100,144,95.1,130.6,120.3,61.9,120.1,142.4,158,142.4,187.3,141.7,205.1,136.4,212.7,140.3,209.8,77.2,186.6,143.2,172.8,145.3,172.8,158.7,164.2,159,182.6,153,152.7,150.8,213,96.2,146.2,141,147.6,69.1,130.7
174,81.5,106,137.4,90.1,130.4,118.9,62.6,120.9,150.7,149.3,145.7,175.2,142.4,195.9,138.1,201.9,141.6,200.3,80.6,181.7,150.9,159.6,159.2,165.8,168.4,154.1,161.3,178.1,160.4,141.8,148.4,203.1,101.5,144.1,147.7,140.1,66.8,137.9
175,82.5,102.3,139.7,95.2,123.6,124.1,61.8,120.8,131.9,159.4,138.6,194.5,135.7,210.9,130.1,218.3,134,215.3,71.8,180.3,145.1,182.6,135.6,175.5,154.1,169.2,157.6,190.4,148.2,157.8,143,216.6,94.4,142.8,134.1,150.5,63,129.3
176,77.4,106.5,134.9,95,124.8,123,65,121.7,138.8,148.5,146.8,181.3,150.8,194,149.2,198.1,150.6,196.3,86,171.2,148.2,165.7,143,165.3,157.7,155.6,163.3,170,150.2,146.5,160.3,195.6,98.9,142,141.1,140.5,70.1,132.6
177,81.3,102,139.2,82.1,131.1,112.5,66.6,121.2,149.3,143.6,149.2,176.8,146.7,190.5,140.9,198.9,144.7,196,79.6,175.4,156.3,162.3,158.3,161.3,168.1,147.6,167.7,171.3,162.1,137,153.3,198,104.6,138.2,148.3,132.8,70.2,134.1
178,81.1,106.8,136.6,95.2,124.9,122.2,62.2,123.1,135.9,151.4,139.6,185.4,140.9,204.6,137,209.3,139.6,207.5,75.9,171,142.4,170.8,140.2,169,150.3,159,154.5,176.2,141,147.7,149.7,205.3,95.9,144,134.3,141.1,68,133.8
179,102.8,107.7,158.5,96.4,148.7,122,80.3,125.8,158.5,154.2,161.2,183.6,162.7,202.2,158.9,207.4,161.2,205.6,94.9,171.4,165.5,171.5,164.6,169.9,174.9,160.8,176.9,178.6,168.2,149.3,172.8,205.1,120.3,144.9,160,141.3,88.7,134.9
180,89.9,98.3,144.4,90,136.8,117.7,67.4,123.9,147,151.1,146.2,181.2,146.8,197.6,142.4,205.2,145.5,202.3,76.6,174,151.4,168.5,153,168.3,165.4,158.8,164,179.8,152.3,146.6,157.5,204.2,103.3,141.1,146.9,138.4,77.4,129.2
181,86,98.6,138.6,95.3,130.7,121.7,65.2,122.2,141.2,148.5,134.2,175.7,132,188.9,126.7,194.4,130.7,192.8,71.9,167.7,140.6,164.5,147.9,165.7,157.3,155.3,153.1,177.7,152.2,146.9,142.4,192.3,99.3,143.6,141.9,143.6,67.1,135.1
182,68.4,99.6,126.8,87,116.5,113.6,56.5,118.6,138.2,145.7,130.4,177.5,128.5,195.2,122.9,201,127,199.5,60.9,168.5,141.9,165.1,142.6,165.1,157.9,154.9,152.9,179.3,150.8,140.7,134.5,202.5,91.6,139.6,136.5,135.8,61,129
183,87.4,107.1,144,101.7,131.9,126.3,66.9,121.1,142,156.7,138.3,187,134.2,199.7,128,205.1,132,203.6,71.5,172.8,145.2,173.1,147.7,174.8,158.2,164.6,155.5,186.7,152.6,153.6,142.3,205.4,99.8,146.5,143.5,147.5,71.6,134.8
184,81.5,102.7,139.3,97.9,127.2,122.9,61,120.5,138.8,158.3,124.1,189.6,112.1,205.7,106.4,207.2,109.3,207.2,71.2,167.3,140.1,180.5,141.9,181.7,152.9,172.4,146.6,190.5,146.6,155.3,124.8,206,93.8,142.9,138.1,148.7,69.3,127.3
185,78.9,101.9,135.8,102.6,124.6,128.4,61.7,121.2,134.6,154.5,135.3,182.7,132,195.7,128.3,201.8,131.2,199.5,68.5,169.4,137.9,170.2,138.5,170.7,150.4,161.1,148.7,185.6,141.8,151.7,143.3,204.3,93,140,136.6,145.3,67,129.9
186,79.8,107.8,140,101.7,126.7,126.8,62.2,121,134.4,153.2,133.2,184.3,128.2,196,123.9,200.8,127.1,199.2,71.9,167,137.5,170.4,142.4,174.5,151.3,167,146.2,183.7,147.2,153.8,135.2,200.6,95.2,145.3,138.4,151.2,68,132.2
187,74.1,103.3,142.5,94.2,124.2,124.6,52,123.3,139,157.1,142.2,194.6,141,209,136.1,217.7,139.5,214.9,68.5,189.3,141.9,176.7,142.6,176.7,158.2,170.8,158.4,186.2,152.7,155.5,151.9,217.8,94.1,146.5,136.6,147.6,57.9,131.4
188,77.6,103.7,130.9,101.6,119.6,126.1,57.2,121.4,127,157.9,121.1,191.5,116.4,205,110.7,210.4,114.6,208.9,68.4,170.1,129.2,177.9,129.3,177.8,142.9,168.9,139.6,185.9,139.6,158.7,123.7,209.2,92.3,145.3,130.6,151.1,64.5,128.7
189,76.9,109.2,127.8,102.9,119.3,126,62.2,122,130.1,150.8,125.5,179.6,122.4,189.7,117.7,195,120.8,193.4,76,164.1,131.8,166.1,136.3,164.8,146.9,159.6,143.7,176.3,142.1,147.6,131.5,195.9,94.2,142.8,131.4,144.7,69.7,133.7
190,73.4,108.8,125.7,98.3,116.7,120.7,61.1,121.3,127.5,143.5,125.5,177.1,124.8,185.1,121.1,191.2,123.4,188.5,75.4,162.7,132.1,161.3,134.3,162.1,145.4,153,143.6,170.3,140.3,142.1,133.4,191.4,91.8,139.5,127.5,139.5,67,133.3
191,76.6,111.9,131.3,105.8,119.3,127.7,57,122.6,125.8,156.8,128.3,186.4,128.6,194.2,122.8,200,126.8,198.7,73.2,168.1,130.5,170.8,130.3,170.1,141.9,163.7,142.9,176.5,136.8,153.6,136.8,200.4,91.4,145.7,129.9,149.9,65.7,134.3
192,78.8,108.1,140.5,102,125.7,124.2,57.6,120,143.3,157.8,142.1,185.8,140.2,205.9,134.3,210.9,138,209.6,72.2,185.5,145.5,173,148.3,175.4,161.3,166.1,159.2,183.2,156.3,153.5,145.8,212.2,98.4,148.1,145.3,148.2,65.4,135.6
193,73.9,110.3,126.1,99,121.2,122.2,59.3,120.7,133.1,152.5,128.7,182.2,130.2,195.3,125.4,200.6,129.3,198.9,68.9,168,133.7,168.4,138.4,169.4,148.4,159.3,144.5,177.5,142.5,147.6,137.9,197.9,91.6,147.3,133.3,144.3,63.5,134.7
194,77.1,101.1,124.7,93.4,117.6,112.6,59.7,119.6,133.8,133.9,130.8,163.1,127.6,181.6,123.7,187.7,127,186.1,75.7,162.9,134.1,150.2,136.6,145.3,149.5,135.1,146.6,159.1,138,126.7,133.7,184.8,90.5,131.9,127.2,125.3,60.8,126
195,84.8,104.9,149.5,92.8,137.3,123.1,64.1,120.9,152.6,159.4,145.2,191.1,145.3,205.8,138.4,213.8,142.2,212.5,77.1,183.5,148.5,174.4,153.1,178.2,167.7,171,163,188.1,164.2,155.1,154.3,211.7,101,148.6,152.3,149.8,70,135.1
196,88.2,108.2,149.1,96.1,137.2,123,62,128.1,151.7,155.8,136.7,195,134.5,208.7,131.2,211.5,133.1,210.8,78.8,185.2,145.5,171.9,158.8,177.1,170.2,165.6,161.6,187.4,166.5,149.4,146.2,212.9,104.8,147.8,156.8,147.1,74.9,137.4
197,87.7,115,151.7,112.2,134.5,136.5,56.3,128.9,143.3,169.2,154.5,210.7,156.8,221.8,149.5,229.2,154.6,227.1,83.3,187.4,158.5,190.8,151.1,188.1,165.3,182.1,172.5,200.1,157.4,168.5,163.9,227.1,101.4,158.1,146.8,164.5,73.9,136.7
198,78.2,107.6,137.2,91.4,127.4,118.3,57.3,124,142.5,150.9,138.6,175.4,137.5,189.9,130.9,195.9,135.5,194.6,74.4,170.1,142.8,162.8,147.6,167,155.6,161.2,151,175.1,149,147.3,144.9,200.4,97.2,139.5,141.5,140.6,62.7,131.4
199,81,101.8,136,99.3,127.9,124.9,63.6,122.1,133.3,154.6,133.8,185.6,127.6,203.1,122.4,208.4,125.7,207,70.2,176.3,137.7,173.6,140.9,173.8,150.2,169.3,146.8,184.2,146.1,155,135.5,211.8,97.4,144.1,135.5,150.2,68.4,134.2
200,80.9,101.6,136.6,93.3,128,118,60.7,123.2,138.9,149.3,129.4,176.4,125.7,193,120.6,198.3,124.3,196.8,72,165.6,136.6,163.9,138.8,166.6,152.1,156.9,146.9,176.9,144.6,146.2,130.7,198.8,97.3,140.1,143.5,138.3,68.9,131.5
201,87,100.6,143.9,96.1,130.3,123.6,59.7,117.1,140.8,149.8,132.6,182,130.4,195,124.4,200.7,128.3,199.7,67.9,172.1,143.4,169,144,168.9,157.3,158.4,153.5,180.6,152.2,148.2,140.7,198.7,101.7,138.5,141.7,139.7,66.7,135.6
202,85,104.5,146.1,95.4,132,122.8,64.2,121.5,143.8,154.3,136.8,189.5,134.8,201.1,126.3,209.9,132.5,207.1,71.9,179.2,145.5,172.1,148.8,175.3,163.7,168.7,157.9,186.1,159.6,155.6,147.7,207.9,100.3,144.4,147.5,149.2,69.9,136.1
203,79.9,104.7,137.8,97.2,129,121.1,63,119.9,147.1,148.1,142.8,179.6,143.2,195,138.9,200.1,141.5,198,74.9,182.6,147.3,164.9,152,168,164.7,160.7,160.7,176.2,157.8,148.5,152,198.7,101.3,143.2,148.4,142.9,66.9,135.4
204,77.8,103,138.3,103,125.5,127.9,57.5,118.1,125.4,158.8,116.7,190.6,110.4,208.5,104.5,212.5,108.4,211.8,60.4,166.3,124.9,178,126.7,180.8,139,176.7,134,190.4,139.6,159.5,121.2,212.2,88.4,145.3,129.9,150.8,63.8,129.4
205,85.1,115,142,112.7,130.5,138.3,60.6,124.9,142.8,172.2,152.7,202.3,154.1,218.9,149,225.5,152.2,224,71.2,187.4,155.5,185,146.6,187.3,160.4,171.7,170.6,187,152.1,162.6,163.8,221.7,97.9,156.8,141,161.1,66.8,140
206,73.5,112,123.9,91.1,119.4,126.4,55.2,127.6,128,146.9,127.9,180.2,126.8,188.7,121.6,192.3,124.8,191.2,70.2,160.7,134.2,164.7,132.4,163.2,144.9,154.4,146.4,170.3,138.7,143.9,135.5,194.3,89.9,140.9,129.5,140.9,64.6,133.5
207,76.5,105.8,121.9,94.9,117.6,121.9,56.4,127.1,131.4,145.2,126.5,171.7,126,184,121.8,188.8,125,187,68.4,168.9,130.1,158.8,138.9,161.6,147.8,155.5,142.6,170.3,142,144.7,134.5,186.3,94.8,141.7,133.7,141.9,66,133.2
208,83,107.4,142.6,108.6,129.3,132.5,62.9,122.4,133,164.6,122.6,200.2,120,214.6,118.1,219.9,120.2,218.1,64.5,179.2,133.5,187.6,134.3,176,151.1,177.9,148.6,194.7,143.5,161.6,133.1,223.5,92.1,151.1,135.1,155.2,70,128
209,82.2,106.5,142.3,104,129.9,131.4,60.4,126.9,136.1,158.4,135.1,193.8,134.6,206.8,130.5,213.9,133.6,210.9,69.1,184.4,140.7,180.4,142.3,179.8,155.2,172.1,153.1,193.5,149.5,158.5,141.3,218.1,97,147.9,141.4,150.4,67.9,136.4
210,81.1,98.2,136.1,84.5,126.9,113.9,61.1,120.4,139.7,147.3,136.8,177.3,137.1,193.5,132.6,199,136.5,197.9,72.8,175.9,142.2,162.8,144.7,164.1,157,154.1,154.3,172.2,151.4,141.5,147.6,196.3,98.3,136.9,141.8,134,68.9,131.7
211,84,109.2,139.6,107.8,127.6,130,60,127,134.6,160.3,126.8,191.3,124.2,203.1,119.7,210.2,122.9,208.4,62.4,175.7,135.2,178.7,138,180.4,146.2,174.5,138.2,192,144.6,161.9,131.2,213.9,94.6,148.9,136,155.2,69,130
212,80.8,106.2,135.9,108.1,125.8,125.5,56.8,125.9,134.1,156,123.9,182.3,122.5,199,116.7,202.9,120.7,201.8,61.1,166.7,131.8,170.6,134.6,176,148.3,167.8,139.8,185.4,140.2,157.6,131.7,201.8,93.9,145.8,137.9,151,61.9,131.2
213,73.5,104.7,133.5,97.8,124.6,120.4,55.8,123.6,136.4,157.7,129,187.8,123.6,205.6,118.4,208.3,121.2,208.1,64.8,174.3,137,174.6,140.2,175,151.2,164,148.5,181.8,148,154.5,127.1,209.7,93,143.1,135.8,146.2,64.5,125.8
214,84.1,105.6,140.4,97.6,134.5,121.8,60.9,125.5,144.2,152.5,142,180.7,140.7,197.6,134.6,204.3,138.8,202.6,73.4,177.5,144.2,166.2,147.5,169.4,161.9,166,156,179.7,156.7,152.9,151.3,204.3,103.6,144,141.9,145.8,69.9,134.1
215,82.9,95.7,134.5,93.2,129.8,117.3,61.2,120.1,139.4,146.7,137.3,180.5,135.6,193.5,130.7,199.2,134.5,197.7,76.4,165.2,143,165.4,144.3,165.9,157.2,155.9,154.5,176,148.8,143.1,146.6,199.3,98.3,139,140.1,138.6,72.6,122.3
216,81.6,107.7,138.5,96.7,128.6,122.9,62,123.9,146.9,154.7,134.4,188.6,128.4,206.7,122.5,213.1,127.3,211.2,75.4,178.3,149.7,173.1,152.9,175.8,165.5,164.6,156.8,191.7,158.4,151.7,138.1,214.2,99.9,148.1,148,147,61.1,140.4
217,81.2,105.8,135.9,98.1,126.6,121.9,58.8,124.8,133.9,146.9,128.3,174.8,128.4,186.4,123.9,193.5,127,191.2,69.9,164.2,133.2,159.6,141.8,164.9,149.2,152.1,143.7,169.6,142.5,144.7,135.7,192,96.4,141.6,135.8,139.5,66,133.6
218,74.8,103.6,133.6,94,127.1,117.8,55.4,127.5,139.1,147.4,136.5,176.4,135.7,189.6,132.1,195.7,134.9,193.5,73.2,171,141.4,162.1,144.6,165.1,154.6,155,151.9,171.8,149,142.7,142.1,194.6,94.2,144.8,139.1,139.9,66.1,134.1
219,79.3,98.9,137.7,82.2,131.4,111.4,59.1,121.2,146,141.2,140.4,175.2,140.8,187.9,135.8,195,139.4,192.2,72.8,166,147.4,160.4,150.2,159,158.4,148.7,158.2,167.1,153.6,134.8,149.8,191.7,100.8,131.6,143.7,129.6,67.9,123.4
220,86.2,109.8,141.3,104.1,132.9,128.1,59.7,128.4,141,164.5,147.1,198.5,144,218.2,137.2,221.5,141,221.3,72.2,180.3,148.3,181.6,145.4,182.1,157.7,171.2,161.2,188.4,154.7,159,151.9,217.6,99.9,151.8,144.1,153,68.3,141.3
221,80.8,100,144.8,98.6,130.5,126.7,58.5,118.2,141.2,152.9,139.5,191.5,140.2,205.2,135.8,209.8,138.6,208.7,69.8,172.6,146.5,173.9,148.8,174.8,166.9,165.6,163.6,190.1,155.4,155.8,152.6,212.3,95.1,140.2,143.7,147.5,64.8,127
222,86,112.1,140.2,113.2,128.5,137.6,60.2,127.9,135,164.7,136.4,193.5,137.4,202.7,133.8,208.8,137.1,207.1,70.8,174,136.1,179.7,137.8,179.7,148,171.7,147.8,181.7,144.5,164.3,146.8,207.3,94.9,152.7,137.7,159.7,67.7,134.6
223,77.8,110.3,136.3,111.1,124.5,132.5,58,127.7,136.3,161.4,132.5,192,132.6,202.9,129,208.6,131.7,206.4,69.8,169.9,142.8,179.1,144.1,178.4,154.6,171,146.8,192.7,145.9,161.8,138.1,213,92.4,150.5,135.2,158,68,132.5
224,81.8,101.8,143.3,90.3,132,117.8,60.5,123.8,151.2,150.6,140.3,182.2,139.5,196.7,133.1,201.4,136.8,199.6,76,177.3,150.7,166.5,158.8,168.2,166,158.2,158.3,180.8,157.6,146,149,200.9,103,144.1,149.2,140,70.3,134.5
225,78.2,106.4,131.7,103.9,120.2,128.1,56.9,126.2,129.5,154.8,127.4,177.1,122.5,188.5,115.4,192.5,119.2,192.3,72.2,167.1,130.4,166.7,128.8,167.1,142.5,160.1,140.4,173.5,137.8,148.4,130.2,194.6,92.6,141.1,130.6,145.1,64.4,130.1
226,79.2,107.7,136.3,102.6,122.5,127.1,58.8,121.9,135.1,155.7,126,188.4,122.1,204.1,116.1,208.5,120,207.6,71.9,168.2,135,174.8,138.2,175.6,151.5,161.7,145.6,185.2,146,151.3,131.4,203.5,94.8,143.7,132.3,146.8,65.9,128.2
227,80,101.3,146.3,95.9,126.7,123.7,59.3,121.6,144.5,157.3,146.4,195.3,147.3,207.1,140.6,216.8,145.4,213.8,78.3,180.7,151.3,177.7,150,176.2,162.1,164.6,163.7,184.5,156.4,152.5,157,212.2,97.9,146.2,144.7,146.8,64.6,131.2
228,86,101.9,145.4,100.9,127.6,125.2,57.5,120.2,136.5,160.6,142.1,192.9,144.3,210.2,138.6,215.4,142.6,213.9,82.6,174.3,142.7,174.6,137.7,179.4,153.1,170.1,156.6,184.2,149.8,159.1,152.2,212,96.6,146,137.2,152.5,70.1,128.6
229,85.6,97.2,145.6,97.3,128.1,122.4,61.1,120.5,146.7,157.2,147.5,195.6,147.6,212.2,142,219,146.1,216.8,79.8,180.5,153.1,176.3,154.4,174.7,166.5,162.9,166.5,185.2,157,150.6,157.6,217,100.7,145.4,147.7,146.5,69.1,129.4
230,82.1,107.1,136.3,93.4,127.5,122.5,59.1,125.2,142,153.1,136.5,184.5,137.1,196.4,132,204.5,135.8,201.9,76.3,173.6,145.5,169.2,149.1,170.6,157.7,161.7,156.3,178.8,152.6,148.2,145.2,202.6,100.3,143,140.5,143.1,67.9,134.1
231,86.8,96.1,147.8,94.7,136.8,118.4,63.7,120.9,145.3,157,152.6,186.5,155.2,204.9,151.4,211.8,154.1,209.6,79.9,175.8,152.5,171.2,151.2,170.4,165.5,162.3,169,183.8,159.3,150.1,163.6,212.5,100.2,145.4,147.8,143.4,71.4,126.9
232,108.1,105.6,160.3,106.8,148.6,127.9,87.6,122.8,151.7,151.6,148.4,181.1,144.6,193.8,140.2,197.6,142.9,196.2,92.8,163.4,153.2,170.2,154.6,166.6,168.2,160.5,165.5,176.8,162.9,151.1,152.7,196.4,116.4,141.7,156.9,146.2,94.3,127.2
233,79.7,100.8,143.3,96.3,126.2,122.1,55.7,120.9,139.3,155.5,147,189.6,146.2,205.6,140.7,212.4,144.3,210.7,80.5,174.3,149.7,174.1,144.9,173.4,156.2,161.3,161.2,180.7,151.7,150.9,153.4,212,94.6,144.5,139,146.2,65.1,127.9
234,78.4,108.9,130.7,105.4,125,130.7,54.3,128.8,140.4,163.8,146.3,197.2,148.5,217.8,145,222.6,147.5,221.5,77.5,188.5,147.6,180.1,147.1,176.6,157.9,167.7,162.9,189.3,150.5,155,156.9,220.6,94.4,150.2,138.1,148.9,60.1,136
235,77.2,103.8,139.7,93.1,127.2,119.8,54.3,116.8,140.6,153.7,146.8,184.8,148.8,205.1,143.2,210,146.9,208.6,72.1,172.3,150.6,169.8,146.9,169.7,159.2,161.9,165,178.7,154.2,150.5,157.5,207.8,93.7,140.8,142.2,146.5,63.3,128
236,88.8,104.9,152.6,102.4,130.5,131,61.8,121.2,140.5,166.2,130,198.1,125.4,213.3,118,220.9,123.2,217.9,67.6,183.7,142,185.3,144.2,184.4,159.6,182,152.6,202.2,153.9,167,133.5,222.8,96.6,148.4,138.1,158.8,65.8,136.3
237,80.4,109.7,137.5,104.8,123.7,130.9,58.2,126.1,132.8,162.3,123.8,189.9,119.9,202,113.8,208.1,117.9,206.1,65.4,166.6,133.3,174.6,142.2,178.3,151.1,168.8,144.1,189.7,146.1,156.4,127.7,208.7,95.7,148.1,136.3,151,65.4,129.9
238,84,98.4,145.6,94.2,132.7,118.3,62.8,116.4,138.8,157.6,134.6,193.6,133.7,207.5,126.3,215.4,130.8,213.2,69.9,176.2,140.7,178.7,147.6,175.3,155.7,166.7,151.3,190.1,152.4,154.9,141.5,213.2,95.1,144.3,140.3,148.8,69.6,133.6
239,88.5,102.4,149.8,104.1,130.9,129.5,64.7,119,137.5,167.6,130.1,202.4,129.1,216.3,121.7,223.8,126.3,221.2,67.9,182.4,139,188.4,144.2,185.6,153.3,176.9,148.2,198.8,150.7,163.8,136.3,222.4,94.8,149.7,138.7,157.3,70.6,134
240,83.7,109.1,149.2,101.8,133.1,127.6,59.3,127.9,153.4,165.1,138.7,193.4,136.4,212.6,128.3,218.2,132.7,217.1,71.4,185.4,147.8,177.9,154.5,183.6,168.5,172.8,160.6,195.2,165.3,160,142.9,219.6,102.1,152.1,145.9,150.6,66.6,139
241,72.9,99.6,135.9,82.8,123.9,111.5,54.6,121.6,145.3,142.6,141.9,174.2,137.5,196.7,130.3,201,134.7,199.9,71.6,167,149.8,159,151,158.9,163,149.5,162.8,172.8,154.7,135.9,148,199.2,97,133,142.9,131.1,62.1,128.8
242,76.1,105.4,133.4,87.7,127.7,112.4,57.6,122.1,145,142.8,137.8,168.3,137.2,179.3,132.2,185.7,135.2,184.2,70.9,167.1,143.9,154.4,148.2,157.9,156.1,152.2,152.8,169,149.5,136.5,147.7,184.8,98.7,135.7,140.8,133.2,64.6,129
243,86.8,103.1,145.8,97,130.7,127.2,59.8,120.6,139.8,153.5,139.6,187.1,140.1,198.2,135.2,206.1,138.9,203.2,77.6,170.3,145.1,173,146.5,172.2,157.7,160.9,158.9,180.6,150.6,153.1,150.3,207.1,99.7,141,143.2,147.6,64.9,126.4
244,80.6,100,139.6,89.4,128,117.2,58.6,115.3,142,149.2,149.8,185.6,153.6,198.1,150.4,208.2,152.8,203.4,77.3,172.2,148.4,169.7,147.3,168.6,160.5,161.1,163.7,174.1,156.6,146.7,164.3,207.1,100.2,141.8,145.4,139.4,64.4,130.8
245,85.2,113.3,138.4,114.5,130.1,136,59.7,126.8,138.5,170.4,144.1,207.9,146.6,219.7,141.4,229.9,145.6,225.1,74.1,183.7,144.2,190.4,141.3,190.9,159.7,185.6,159.7,197.2,154.4,170.9,157.9,229.7,99.3,157.5,139.9,162.5,64.6,137.1
246,79.2,95.1,133.3,87.6,128,110.2,56.2,114.8,137.9,137.1,136,165.1,134.8,174.8,129.1,181.2,133.3,179.1,73.2,156.4,141,151.1,144.2,151.7,155.4,144.8,152.1,162,149.2,132.7,144.8,180.4,96.8,131.5,138.1,129.5,65.2,121.7
247,84,109.3,145.6,103.6,132.9,127.6,63.9,122.5,148.3,157.8,143.3,187.6,141,199.6,135.1,205.8,139,203.2,75.7,175.1,149.5,173,156,174.7,163.5,169,157.8,186.2,154.4,151.1,148.6,209.5,99.8,144.8,145.9,144.5,69,136.7
248,76.5,101.5,131.4,97.7,125.7,119.1,58.7,118.5,138,149.2,131.4,175.3,127.2,187,121,192.7,124.6,190.4,73.1,166,139.5,161.3,144.3,163.8,157,156.2,151,176.2,150.1,143.4,136,192.5,96.3,138,139.5,141.2,67.5,129.4
249,84.3,108.8,144.9,97.5,136.1,124.3,59.6,121.7,149.1,163.9,151.5,197.3,152.1,212.7,144.5,221.4,150,218.4,78.8,178.7,154.7,179.6,154.7,178.9,167.4,175.6,167.5,191.7,160.5,160.3,163.1,221.6,100.3,148.3,148.1,149.8,71.9,133.6
250,76.5,102.6,132,101.2,123.6,122.6,56.3,121.6,137.1,155.3,134,187,129.4,204.8,120.9,209.2,125.9,209,68.4,168.9,141,171.6,145.5,173.1,153.4,163.9,150,184.4,143.9,149.7,141.4,209.4,93.6,141.5,136.1,144.7,64.6,131.3
251,69.8,97.3,130.2,88,116.9,116,50.5,116,137.5,148.1,126.6,177.9,125.2,192,120,198,124.2,196.3,63,162.9,136,162.9,141.1,161.6,150.5,152,147.8,171.1,146.2,141.2,129.9,198,88.8,136.5,134.8,135.2,57.4,128
252,84.4,106.4,141.4,100.7,132.1,123.7,60.5,127.7,147.9,156.1,150.8,185.6,150.3,197.4,145.8,202.5,149.2,200.8,81.6,181.3,153.1,170.8,154.2,170.7,164.4,157.9,167.5,178.8,156.8,149.4,160.3,204.6,104.2,145.3,148.5,145,69.6,137.2
253,78.5,101.5,135.5,88.1,123.5,112.7,56,120.2,137.8,142.6,131.5,168.5,129.3,182,124.9,187.2,127.8,185.7,74.3,157.4,136.4,155,139.3,156.4,153.2,146.5,147.6,167.1,145.1,134.2,137.7,189.1,97.4,133.4,138.4,131.3,66.1,126.9
254,77.1,98.6,130,86.9,121,112.4,54.6,116.3,126.8,142.8,120.2,172.7,117.1,184.5,112.1,189.3,115.1,187.6,64.6,157.8,127.9,159.3,131.5,159.7,143.1,149.7,137,169.4,138.7,137.6,120.2,191,91.8,131.9,128.8,132.5,62.7,124.6
255,79.8,111.1,143.1,101.8,128.7,127.1,59.1,124.6,142.3,154.4,135.8,183.2,130.9,199.3,123.8,202.9,128.4,202.1,69.8,174.9,143.5,172.5,144.9,173.3,158.7,165.8,153.5,185.2,150.6,151.7,139.8,203.3,98.8,149.5,141.7,148.5,65.9,138.1
256,76.1,97.4,140.5,87.1,129.9,114.1,58.9,116.7,139.5,145.2,128.8,181.3,128.1,191.9,122.9,197.2,127.2,194.9,68.7,172.8,134,160.8,144.1,162,154.3,154.2,146.9,176.7,151.3,142.6,136.2,199.7,89.4,138,145.2,140.2,60.5,128.3
257,74.8,107.2,132.7,96.9,122.4,125.8,56.3,122.2,127.5,151.4,129.6,184.3,129.3,196.7,125.4,201.2,128.3,199.8,70,170.6,134.8,168.3,132.9,169,147.3,158.7,147.6,177.9,139.1,149.8,137.1,199.9,90.1,144.2,132.1,145.3,66.5,131
258,81.6,107.6,136.6,101.7,127.4,125.9,60.9,126.1,134,156.1,128,185.9,127.5,199.5,119.3,204.5,125.4,203.7,67.9,178,137.1,169.5,140.4,173.8,152.8,162.6,148.9,181.8,144,153,137.1,203.5,95.5,146.2,138.1,147.7,68,134.7
259,80.2,106.3,136.7,108.6,122.6,131.9,54.8,122.8,132.5,161.7,122.7,189.5,123.1,201.9,115.8,208.1,120.7,206.6,63.2,176.1,132.3,175.6,136.9,179.9,149.2,170,142.5,188.1,141.6,156.9,130.1,209.1,90.8,147.1,131.9,154.1,61.2,133.4
260,78.6,110.9,132.7,103.6,122.7,126.2,53.7,125.6,129,162,123.5,189.6,118,201.7,110.9,204.4,114.5,204.7,71.2,173.5,132.2,177.2,130,176,144.4,167.9,143,188.2,139,155.8,129.9,204.4,91.7,144.4,130.8,150.6,67.3,133.9
261,78.2,114,138.1,102.8,127.9,123.8,57.7,132,141.8,151.5,141.3,181.5,139.2,196.7,134.3,201.7,138,200.4,79.8,168.5,146.1,168.5,149.3,167.6,161.7,156.4,160.7,173.6,151.3,147.2,154,199.3,99.5,147.3,141.8,146.3,69.8,137.1
262,79.4,107.5,135.5,100.9,122.5,125.4,59.6,126.1,136.3,151.4,139.6,184.3,140.1,196.9,135.8,201.3,138.9,199.8,76,170.7,142.5,168.8,143.6,167.7,154.2,157.6,157.4,173.9,149.9,147.1,149.5,199.4,96.6,144,139.3,142.8,69,132.2
263,78.1,95.5,139.9,86.5,126.6,111.8,57.3,116.1,141.6,143.7,143.7,173.2,147.3,192.3,143.4,198.6,146.6,196.6,77.4,167,144.3,158.9,145.7,158.8,160.2,153.4,160.8,167.8,153.7,140.3,159.4,194.4,98.3,136.5,140.4,136.9,67.6,129.1
264,87.3,104.6,140.1,100.1,130.1,127,64.2,124.7,139.2,158.2,146.6,192.8,148.2,211.7,143.3,216.9,146.7,215.5,86.6,176.1,146.8,177.7,145.1,176,156.7,163.7,158.6,178.6,151.1,153.7,157.5,213.3,102.1,144.5,142.9,148.4,72.7,128.5
265,81,112.2,137.3,108.6,126.4,132.2,58.8,128.7,139,160.2,134.9,188.7,134.2,199,127.2,205.8,132.2,202.9,67.2,179.3,140.5,176,142.6,176.7,154.6,167.7,150.6,187.3,145.9,157.5,142.3,207.4,96.8,149.8,140.5,154.3,66.9,136.1
266,88.6,104.1,148.3,101.1,134.3,124.7,63.9,125.6,146.2,157.7,138.5,185.7,134.4,197.2,127.5,204,131,202.1,73.5,173.1,145.5,174.7,149.1,174.6,164,169.2,156.3,189,157,154.1,141.3,205.5,101.8,143.3,148.1,147,72.3,135.8
267,74.6,91.8,122,86.3,115.4,111.9,58.3,115.7,128.3,138.9,125.4,173.6,119.3,185.6,111.5,190,116.1,189.2,67.7,155.8,133.5,161.8,132.2,153.8,148,148.4,147,173.3,138.4,132.8,127.8,189.2,89.2,129.7,129.9,127.6,68.2,115.7
268,81.3,103.4,148.6,97.9,134.1,119.7,56.3,122.7,149.1,152.9,137.8,180.2,137.5,195,130,203.3,135.3,201.3,63.1,183.1,144.4,166.7,148.4,171,161,167.8,152.8,180.8,159.5,152.4,147,205.5,95.9,145,149.9,146.3,60,136.9
269,88.6,108.5,146.4,107,134.1,131.8,61.9,126,140.8,167,128.2,194,126.2,208.1,118.8,215.1,124.2,213.7,59.4,186,137.4,185.1,142.1,187.7,154.8,182.3,147.2,197.1,153.5,168.6,134.6,220.7,96.3,149.9,145,159.6,64.4,137.6
270,79.2,99.5,144.8,92.1,129.1,116.9,58.9,120.3,141.3,152.6,137.1,186.1,133.1,203.2,126.5,209.5,131.4,207,69.8,177.6,144.1,172.3,143.2,171.3,157.3,163.7,153.7,183.3,153.7,147,142.9,209.6,92.3,143.1,137.1,146.3,65.9,133.7
271,81.3,108.3,140.8,93.1,132.1,120.9,59.3,129.2,150,152.9,145.3,182.2,146.3,192.8,140.1,201.3,144.5,198.3,78,184.2,149.8,166.1,153.9,168.3,164.1,158.1,163.1,180.8,157.1,146.5,155.2,204.6,104.3,147.5,149.3,140.5,72.1,137.8
272,79.4,101,137.2,102.8,122.9,123.7,59.1,120.4,145.1,163.2,149.5,197,147.7,212.3,142.1,219.2,145.9,216.3,80,181.5,155.4,178.4,151.5,178.6,164.5,171.3,167.7,189.3,157.2,156.8,153.8,219.3,94,145,141,150.4,69.7,127
273,82.5,95.1,143.2,85.7,132.6,109.7,59.2,118.3,151.2,146.7,142.1,180.3,134.3,202.5,128.3,205.7,132.6,205.2,73.6,171.6,152.6,167.1,155.6,167.9,166.3,161.5,163,181.2,159.7,141.3,150.1,204.2,102.2,137.9,146.9,133.9,70.1,131.6
274,84.1,103.2,146.3,106.1,133.2,130,62.8,122.8,139.3,166.2,129.6,197,124.1,215.9,118.7,223.2,124,221.7,70.8,181.5,141,184,143.3,187.3,155.8,179.9,151.2,197.7,151.9,164.6,134.4,224.3,94.3,150.5,143.4,157.5,68.8,132.7
275,83.3,99.8,146.6,103.1,129.6,129,60.5,121,141.5,169.1,138.2,202.6,133.4,219.4,126.5,227.7,131.1,224.7,68.8,177.7,145.9,186.8,145.3,186.4,159.1,176.4,157.1,201.2,151.1,161.2,140.5,228.8,93.8,150.1,140.9,156.1,67.6,131.8
276,77.4,107.1,138,101.2,124.5,124.8,57.4,125.8,135.6,156.7,130,186.4,129.4,200.5,124,208.1,128.1,205.2,68.8,173.7,136.6,172.9,138.5,173.6,150.4,167,146.8,185,145.2,153.4,141.8,211.2,95.3,142.8,138.9,147.6,62.8,131.7
277,88.3,109,149.3,96,135.4,125.4,64.4,126.4,152.2,156.9,140.1,190.7,135.6,205.6,130.6,212.2,134.4,210.8,76.1,181.3,151.7,174.8,158.9,177,170.4,166,161.6,186.3,166.3,151.3,147.3,211.6,104.4,148,152.9,146.3,74.1,136.9
278,80.4,91.6,136.2,85.2,123.2,108.9,60.3,114.8,141.5,139.2,135.9,168.1,136.4,183.6,131.1,189.1,134.6,187.6,68.6,162.6,140.6,154.3,145.3,155.9,153,145.2,151,163.7,148.4,132.6,145.9,186.1,96.3,132.7,142.3,127.7,69.1,120.2
279,88.1,108.4,144.6,106.9,132,133.4,62,121.7,137,164.5,133.3,192,132,202.5,127,208.8,130,206.8,64.5,179.4,136.3,177.5,139.3,179.6,152.6,171.2,148.8,188.4,148.3,161.3,142.4,209.8,98,150.1,135.6,156.4,65.3,130.4
280,80.2,105.9,141.9,101.6,129.3,129.8,57.1,125,132.1,162.4,121,193,116.9,207.8,110.7,211.8,114.9,211.5,65.6,173.9,131.4,177.2,139.9,181.5,151.9,166.5,142.5,193.9,148,156.7,126.6,213.4,91.3,147.8,134.2,150.1,67.2,134.9
281,80.6,94.7,136.9,93.2,122.4,120,60.2,113.8,128.1,153.5,129,186,128.7,200.8,122.6,205.1,126.9,205.1,73.6,169.1,134,169.4,128.7,171.6,144.1,162.7,146.6,182.7,137,150.2,138.2,206.6,88.3,137.4,125.3,141.7,67.2,125.5
282,81.7,108.7,135,108.2,122.1,131,55.9,121.5,129.2,153.5,124.5,178.2,118.3,194.4,113.5,194.3,116.3,195,68.4,160.8,130.2,168.4,132.8,170.2,149.7,161.6,139.9,180.1,141.9,152.5,131.1,205,90.9,140.6,125.8,144.9,64.5,128.6
283,82,103.8,138,106.7,125.1,130.5,56.4,121,129.1,158.3,124.9,187.6,122.1,200.5,114.7,206.7,119.4,204.7,65.6,170,131,174.4,133.3,177,145.5,171.5,142.3,185,145.5,159.9,126.1,209.4,91.1,145.7,133.4,155.7,63.7,130.5
284,75.5,107.4,135.5,91.1,127.8,121.2,61.3,126.3,139.7,148.2,130.4,178.8,127.6,191.9,122.7,197.4,126.6,195.9,76.9,165.5,137.5,164.7,146.8,163.5,155.2,154.1,149.8,173.1,151.5,144.3,137.1,195.4,95.9,142.1,139.8,141.1,71.7,129
285,84.9,112.9,145,107.8,130.4,131.9,61.1,126.9,137,166,125.4,193.8,118.6,206.4,111.8,211.5,116.4,210.1,62.8,171.1,136.5,183.5,138.9,184.1,152.6,177.5,143.3,194.7,150.2,164.4,124,213.4,97.1,151.1,137.9,155.9,68,137.4
286,69,94.7,127.7,80.9,117.3,109.4,50.3,115.8,138.3,139.7,133.7,166.4,132.4,184.6,127.9,190.5,130.9,188.5,65.7,159.4,140.2,154.1,144.7,154,153,144.6,152.6,162.4,147.5,132.4,137.8,188.4,91.7,132.5,135.9,128.6,58.9,126.3
287,74.7,104.8,132,101.8,121.2,123.6,56.1,121.6,132,154.7,125.1,186.1,124.4,201.7,118.6,206.3,122.8,205.5,69,166,133,171.7,134.8,171.7,149.4,164.5,143.1,185.8,145.7,151.5,132.8,208.8,90.5,143.1,132.1,145,65.5,129.3
288,82.2,106.9,138.4,105.4,126.8,122.5,61.2,127.6,145.8,157.5,138.6,184.8,132.6,201.8,126.4,206.2,130.7,204.8,75.3,167.5,148.6,173.1,149.8,172.6,159.3,161.5,158.7,182.1,153.7,152.9,138,207.5,99.2,144.3,144,146.4,68.8,134.1
289,79.7,103.4,139.9,90.8,129.8,117.4,58.8,124.5,148.3,150.8,142.8,177.8,140.5,195,133.1,203.2,139.3,200.6,76.4,178.3,148.8,162.9,153.1,166.2,163.8,155.3,160.5,177.1,157.9,143.7,149.9,197.3,100.9,142.5,145.2,139.7,68.6,133.6
290,84.3,103.5,145.9,94.9,134.5,121.2,57.2,121.6,148.2,156.6,140.1,186.5,138.4,201.8,130.5,210.3,135.8,207.3,70.6,179.5,147.8,172.7,149,175.3,166,164.4,160.9,181.7,158.3,150,148.5,206.5,104.7,145,147.7,145.4,65.1,128.9
291,81.4,107.2,137.1,105.7,129.1,126.3,60.8,126,140.3,153.7,135.9,182.3,134.3,194.8,126.6,202.2,132.4,200.2,69.3,169.3,142.6,168.5,145.8,170.7,157.4,161.3,152.4,183,148.3,150.7,142.8,203.5,98.7,147.6,139.8,145.8,66.2,134.8
292,83.9,106.3,147.4,94.9,136.1,125,57,126,156.6,158.6,154.7,187.7,152.4,206.9,146.1,214.5,150.5,211.5,80.5,189.7,160.9,174,164.5,174,173.3,164.9,172.9,183.6,166.9,148.9,161.2,211.4,105.7,149.7,153.8,146.1,64.9,135.3
293,83.4,101.4,144.6,82.8,132.4,114.3,57.7,123.7,148.2,153.4,138.8,187.9,135,213.4,127.9,218.7,133.1,217.3,74.3,176.5,144.3,171.2,147.7,172.7,162.2,161.9,160.7,182.6,158.1,144.5,140.5,217.3,103.5,140.9,148.3,136.7,68.8,132.1
294,77.1,103.2,130.7,101.7,120.3,126.5,56.5,121.7,128.7,160,120.1,192,115.5,205.8,110.4,210.1,114.8,208.7,68.2,169.1,128.6,178,129.3,177.5,142.8,168.7,138.9,186.8,139.3,158.1,124,208.6,90.5,143.5,129,150.7,64.3,128
295,85.2,108.2,138.1,90.3,133.4,115.9,64.7,128.2,144.8,143.5,136.5,174.8,136.9,188.4,131.6,194.1,135.4,192.1,78.7,165.5,143.9,160.5,147,161.2,160.1,154.2,154.6,173.4,156.3,141.1,145.7,194.8,102.7,137.7,142.6,136,73.2,131.5
296,84.9,105.9,146.8,103.1,132.9,122.2,62.7,124.5,145.7,151.9,144.9,182.1,144.5,194,139.3,200.2,143.5,198.2,76.8,167.1,150.2,168.8,152.2,169.6,163.1,161.4,162.7,180.7,157.9,151.5,152,201.5,102.9,142.6,148,148.1,68.8,129.2
297,73.8,112,128.1,100,116.9,125.9,56.6,130.2,135.4,153.2,128.3,177.6,126.5,188.6,121.8,192.9,125.2,191.4,75.7,165.6,135.5,164.8,137.3,165.5,148.8,155.4,144.2,177.7,142.7,145.4,132,197,93.6,143.2,134.1,142.6,67.3,136.3
298,84.5,109.2,145.3,109.7,130.7,132,60,124.5,140.4,167.7,131.3,195.3,122.7,210.6,112.7,214.8,118.8,214.9,63.9,170.7,142.3,185.2,145.8,187,160,174.8,154.1,197.5,151.2,159.8,133,216,94.2,149,142.8,155.4,66,132
299,79.1,106.5,135.5,103.5,125.3,129.3,58.5,124.5,145.2,165,145.1,191.7,147,204.5,141.2,210,145.1,208,73.7,182.3,148.3,176.7,148.2,175.9,158.8,169.3,160.1,187.9,153.7,157.4,153.8,207.9,94.6,147.6,140.1,150.9,63.5,130.5
300,78.1,102.9,133.9,93.3,123.7,117.3,60.5,122.9,140.3,145.5,137.6,173,135,189.2,129.4,193.8,133,193,79.5,170.1,142.4,160,144.7,161.6,155.4,151.2,153.7,169.8,152.2,143.3,144.2,192,97.5,139.1,140.3,136.3,68,130
301,73.4,94.5,130.5,91.3,122.8,111.6,54.3,114.2,134.6,140.7,131,180.3,131.2,189.5,126.2,196,129.5,193.7,65.6,169.2,140.3,160.7,141.7,160.9,152.2,148.6,149.6,175.1,146.8,139.6,138.4,197.1,91,134.6,135.5,135.8,60.5,122
302,106,95.9,158.4,81,153.3,104,92.8,114.8,167.8,132.9,157.5,169.5,158.9,181,155,187.6,157.8,185.6,105.6,161.7,164,148.8,170.7,154.5,181.9,140.6,174.7,166.7,173.6,130.8,167.4,185.7,129.2,130.6,167.4,124.6,100,127.7
303,89.1,103,148.7,100.3,136.3,123.2,60.4,123.9,147.7,160.8,139.8,208.6,139.7,214.3,132.9,223.1,137.8,219.6,75.5,187.8,154.6,184.3,156.5,184.3,167,172.2,161.8,199.8,163,159.4,143,225.5,100,148.1,150.7,155.3,66,137.5
304,80.6,110.9,137.4,102.9,126.4,129.9,55.4,127.8,136.6,157.7,138.2,197.3,138.6,205.7,133.6,211.7,137.2,209.3,74,175.3,142.2,177.7,140.6,176.7,154,165.9,154.4,185.7,148,156.1,147.6,211.1,97.8,147.7,141.6,149.7,66.6,136.9
305,81.7,107.7,142.4,97.8,133.3,118.5,63.9,126,147.6,152.4,139,189.7,140.2,197.7,134.6,204.7,138.8,202.3,76.8,174.8,151.1,170.7,153.7,173.1,163.5,160.4,158.8,182.9,158.1,149.8,147.6,203.5,102.9,145.3,147.6,146.4,72.1,137.8
306,84,108.5,138.1,101.1,131.9,121.4,59.6,126,141.6,155,126,194.7,124.8,201.5,117,207.2,122,205,65.8,170.4,136.2,170.8,139.4,174.6,157.5,165.2,147.3,192.2,153.3,154.6,132.8,210.1,100.1,145.8,143.4,149.6,67.9,135.4
307,83,109.6,141,97.2,131.8,120.1,63.5,126.5,145.3,147.5,140.6,176.9,143.8,185.5,138.3,192.2,142.4,189.9,73,178.1,145.6,162.1,147.7,165,159.7,156.1,156,173.3,157,147.9,150.7,197.5,102.6,143.7,149.3,142.9,70.4,138.1
308,77.9,104.7,138.2,93.8,130,117.5,58.6,124.2,138.9,149.8,129.6,191.2,129.1,201.1,124.2,207,127.5,205.6,69.6,174.7,142.9,170.7,144.9,174.9,157.6,161.5,151.7,183.6,152.3,148.8,139.4,206.9,97.5,143,143.1,143.3,67.2,135.7
309,79.8,109,137,100.8,125.2,126.9,58.7,127.9,132.9,157.2,133.1,194.5,137.1,206,129.9,213.5,134.9,211.3,68,183.5,134.2,175.4,136.5,176.8,151.7,164.1,148.1,188.4,146.6,156.2,144,215.9,94.8,148.9,135.6,147.8,64.4,141.8
310,77.7,105.5,134.6,93.4,125.3,116.5,53.5,114.9,137.3,152,129.3,189.4,129.1,197.2,123.1,202.7,127.1,201,70.6,168.6,138.4,165.7,143.7,170.6,154.5,157.9,148.5,185.1,150.4,147.9,136.4,202.7,96.2,142.4,138.4,144.8,68.1,132.3
311,76.7,107.8,136.7,105.8,127.7,126.6,56,119.5,130.4,157.4,125.7,198,125.2,204.5,119.6,211.3,123.1,209.4,67.1,176.4,136.6,176.9,137.9,177.2,148.5,163.3,144.4,191.7,141.6,155.4,128.8,212.5,93.4,148.2,137.8,150.5,62.1,135.1
312,82.7,100.8,140.5,107.9,128.7,129.9,58.5,118.2,128.2,160.3,116.4,202.8,114.9,210,106.6,215.4,112.2,214.2,60.4,172.7,130.6,181.2,132.7,183.2,146.7,174.4,137.7,200.6,139.7,162.5,121,219.3,93.9,145.6,130.5,154,63,133.1
313,75.9,103,136,99.7,125.3,119.4,55.3,118.7,129.9,153.7,113.7,195.3,113.9,206.1,108.6,211.5,112.1,209.9,62.6,167.8,126.9,174.4,128.9,178.1,142.5,169.6,135.4,190.4,140.7,154.6,118.8,213.9,90.1,144.7,131.6,148.3,63.9,129.6
314,79.5,106.5,132.7,99.3,127,121.5,60.9,125.1,134.9,150.7,128.9,179.4,129.5,187.6,124.6,193.4,127.8,191.8,72.1,172.1,133.9,161.7,142.4,164.7,151.6,154.9,145.3,175.4,146.6,146.7,135.8,193.5,98.6,143.4,137,144.2,69.1,133.2
315,94.5,97.2,150.7,86.8,141.1,113,74.4,117.9,152.8,146.6,146.4,180.1,147.3,196.2,142.7,200.3,145.5,199,82.3,175,152.5,164.1,155.4,165.6,167.7,152.7,162.6,176.8,163.1,141.2,155.4,199.3,110,136.6,156,135,80.7,129.1
316,86.5,100.3,147.9,97.7,136.6,122.9,56.4,120,145.9,155.5,136.7,196.8,135.8,207.5,130.1,215.1,133.8,212.1,69.6,180.2,148.6,177.5,150.4,178.2,164.5,166.7,158.4,192.1,160.2,155.9,146.6,212.9,103,146.3,149.3,150,65.8,133.9
317,83.5,107.2,140.1,95.2,129.2,116.7,61.5,125.1,140.3,147,135.5,181.1,137,189.3,132.2,196.1,135.5,193.5,76.9,170.4,140.6,160.3,147.5,164.2,154.2,150.4,150.3,172.6,149.2,142.2,143.2,196.3,101,141.7,145,140.1,69.8,134.3
318,78.7,101.6,138.9,106.2,126.4,125.4,54.1,113.4,132.4,155.8,113.6,189.3,110.6,196.4,104.4,200.3,107.4,199,65.8,158.6,131.8,172.2,140.1,174.4,150.3,160.4,141.1,185.3,143.1,152.2,129.1,194.6,94.1,139.6,136.2,149,65.2,125.6
319,80.3,103.4,138,99.3,126.3,123.7,60.2,124.4,134.8,152.8,126.1,188.5,124.6,200.8,119.3,205.6,122.6,204.1,72.8,178.7,135.1,172.2,141.8,170.4,148.4,159.6,141.7,184.1,143.1,148.9,132.4,206.3,95.5,143.4,134.9,146.6,66.4,130.8
320,78.6,106.8,136.4,90.3,129.5,111,59,126.1,144.2,141.1,137.9,181.2,138.7,188.4,132.6,195.5,136.6,193,76.4,170.1,150.1,160.8,152.7,162.9,163.9,152,157.9,176.8,156.5,139.8,143.8,197.1,101.1,138.4,146.5,135.6,69.1,134.7
321,80.2,103.7,143.3,103.7,131.5,123.4,54.2,120.7,134.2,155.5,129.6,201.7,127.6,213.1,121.9,219.3,125.4,217,69.5,177.8,137.9,179.8,140.9,180.8,151.9,167.9,147.4,193.3,149.5,156.8,135,219.9,92.8,146.9,135.9,151.9,66.1,134
322,86.5,108.2,146.9,99.3,139.3,121.8,62.5,124.6,145.2,153.8,140.6,192.5,140.8,199.9,133.5,205.7,138.1,203.9,76.9,176.9,148.5,171.5,154.6,176.7,162.2,163.3,155.5,186.4,157.3,152.3,146,204.3,104.6,148.4,147.6,147.6,71,138.4
323,80.8,102.8,139.3,98.1,134.7,120.2,63.3,120.5,143.5,147.7,145.3,189,147.8,202.5,142,208.1,146.1,206.1,75,182.9,150.2,170.6,151.2,170.7,163.3,156.3,161.7,181,152.5,148.8,153.6,206.1,99.4,144.6,146.6,141.8,68.8,133
324,79.6,105.8,137.2,86.2,131.1,113.2,61,126.4,144.2,141.5,141.3,174.9,143.5,184.3,137.1,190.4,141.7,187.9,84.2,173,147.2,156.5,152.2,160.8,162.3,146.1,157.6,171.6,151.9,138.2,150.8,189.5,104,137.7,146.3,136,71.7,135.8
325,76.5,95.1,134,87.6,126.1,109.1,55.3,115.8,140.4,142.6,133.6,184.1,132.6,194.7,125.7,200.2,129.8,198.8,69.3,167.5,143.8,162.4,145.7,163.8,156.9,150.7,153,173.7,153,136.4,140.2,199.3,96.3,134.9,143.9,133.7,64.9,127.9
326,83.4,103.9,141.4,96.9,130.6,123.1,54.8,121.5,140.6,154.8,143.9,188.7,145.8,198.4,138.2,206.5,142.6,203.7,80.1,177.1,148.1,170.4,144.9,172.6,156.9,164.3,160,179.2,151.4,154.8,152.4,204.7,97.8,146.1,142.3,148.9,64.8,134
327,85.1,110.5,145.2,103.2,132.3,125.7,61.5,126,142.4,154.3,145.3,192.8,146.2,204.3,140.4,211.1,144.3,208.9,74.1,181.4,148.8,172.9,152,173,158.4,158.8,160.8,185.6,150.9,150.2,153.4,209.9,100.2,147.5,142.7,145.4,68.8,135.8
328,75.4,103.8,139.9,94.3,129,116.5,55.9,122.7,137.2,151.7,124.1,191.7,123.8,203.9,118.1,210.6,121.9,207.7,68,170.8,136.1,171.8,137.9,177.2,156,164.7,145.6,189.7,150,149,133.2,208.9,97.3,145,142.4,143.1,65.4,134.9
329,80.8,103.8,144,102.5,131.2,123.4,57,123.1,131.1,155,124,186.3,126.3,197.8,121.8,201.7,124.4,200.7,68,174.5,130.6,168.7,137.7,171.8,150.7,166.6,141.1,183.5,148.5,156,133.9,203,92,146.7,133.9,148.6,65.1,133.1
330,71.2,106.7,127.1,98,119.6,120.7,51.6,123.2,131,155,125.5,194.8,126.4,202,121.3,208.9,124.9,206.3,64.3,177.5,135.8,174.7,137.8,175.5,149.8,160.2,142.8,192.1,143.9,152.6,135.1,212.6,88.6,146,131.4,147.6,62.6,137.9
331,81.1,114.9,139.7,107.4,129.9,126.1,58.7,126.3,143.1,160.8,124.2,194.5,122.5,200.6,116.5,205.9,120.7,204.1,70,173.4,141.6,177.7,150.5,183,156,163.9,146.4,193.5,151.8,156.6,122.3,212.3,98.2,152.1,143.6,154,69,142.6
332,85.7,98.9,151,96,139.9,114.5,59.7,121.3,152.7,149.6,149.2,190.2,148.6,198.5,143,205.7,147.1,203.4,81.6,176.9,157.6,169,159.8,170.8,171.6,158.5,167.8,185.3,163.3,147.5,159.5,208.5,106.7,141.4,153.8,142.8,68.4,135.5
333,75.6,100.3,131,91.6,124.1,111.4,58,123,138.2,146.8,131.5,187.9,132,197.6,126.4,203.9,130.2,201.6,70.1,171.2,142.7,165.6,146.2,168.5,157,153.7,152.7,179.9,149.4,142.5,142,202.1,96.7,138.7,139,139.5,65.2,134.7
334,84.7,106.3,142.2,96.2,134.2,118.7,65.3,128.2,149,155.8,141.4,194.9,142.1,206,137.1,214.2,140.6,211.5,77.7,185.8,150.5,173.4,154.3,177.9,164.8,168.7,159.8,190.3,158.8,151.7,150.8,212.1,105.8,148.2,148.9,146.7,71.3,141.9
335,71.2,97.8,126.2,91.4,118.1,109.9,53.6,118.7,131.2,140.5,126.6,175.9,127.8,189,124.1,194.3,126.5,192.2,69.9,170,135.6,157.7,139.6,158.8,147,146,145,171.5,138.6,139.1,135.1,194,91.8,135,132.1,134.1,60.2,125.7
336,82.9,103.8,140.4,100.5,130,124.9,62.5,122,135.7,154.9,137.5,192,139.1,199,134.5,204.8,138,202.5,79.9,174.7,139,173.6,140.1,172.6,152.6,162.8,153.5,182.3,148.1,153.2,145.2,205.9,101.7,145.1,139.4,148.3,72.3,130.1
337,78.1,98.8,136,96,125.3,117.8,55.1,117.2,128.9,148,127.3,187.5,126.7,191.8,118.8,198.2,123.8,196.6,69.4,164.7,136.9,166.1,134.7,167.3,146.7,155.6,146.2,179,138.7,147.2,133.7,197.5,92.4,136.7,131.2,143.4,64.8,125.3
338,89.9,99,153.4,94,141.3,117.9,69.1,117.6,147.3,153.2,126.8,193.3,125.8,202.2,120.4,207.6,123.9,206,77.1,166.9,141.3,174.3,149.5,172.1,163.3,164.5,152.6,189.7,160.5,152.5,135.3,206.7,110.7,140.7,151.7,144.7,79.7,126
339,88.3,105.8,155.1,98.6,142.9,118.1,62.5,124.8,158.2,152.7,154.9,192.2,158.8,204.8,153.7,211.3,157.1,208.1,83.9,191.6,160.9,169.6,165.1,173.1,176.3,162,174.3,186.4,169.1,149.2,170.3,210.3,109.9,146.9,163.6,145.3,73.5,138.5
340,85.6,103.3,142.9,93.8,133.1,116.6,62.2,121,146.3,150.3,135.6,190.1,132.9,198.6,126.9,203.8,130.9,201.6,79.5,176.2,149.5,170.2,151.7,171.3,165.1,163.2,158.6,188.1,155.6,147.9,136.8,206.3,100.4,143.1,149.9,143.9,71.4,132.1
341,80.9,107.2,134.7,99.5,129,120.8,62.5,125.6,141,152.6,133.4,182.9,135.8,192.6,131.8,199.3,135.3,196.9,70.9,174.7,138.2,165.8,142.7,171.5,154.5,161,148.3,182.7,150.6,150,144.3,199,99.3,144.3,142.6,146.2,67.9,138.5
342,75,95.9,130.9,86.9,122,113.7,56,114.9,129.6,150.5,131.8,194.9,133.6,204.3,127.3,211,132.6,207.5,68.8,176.3,139.2,169.7,140.8,168.3,149,156.5,147.4,184.3,145.6,145.3,140.5,208.9,94.2,140.1,132,140.5,62.2,125.3
343,80.6,105.5,134.3,102.6,122.1,123.3,61.3,124.2,128.3,149.9,125.1,183.9,125,186.6,120.3,192,123.2,189.8,72.9,162.1,134,164.7,130.7,166.1,141.1,156.7,139.6,176.5,139.2,147.5,131.4,195,94.7,140.3,130.8,145.2,69.5,129.1
344,81.2,105.4,144,90.6,135.3,115.6,62,124.6,142.7,148.8,129.7,182,129.3,194.5,124.2,200.2,127.6,198.4,75,167.7,145.1,161.2,154.9,167.9,164.3,153,153.4,179.3,154.3,143,143.6,192.8,101.8,143.3,143.4,141.1,72.9,133.8
345,83.5,102.3,138.3,104.5,126.6,124.4,57.5,117.2,126.4,157.2,122.2,193.8,122.2,198,117.7,203.8,120.8,201.5,70.9,168,131.3,172.4,126,175.8,142.7,168.7,141.6,186.3,141.7,158.2,127.4,206.9,93.7,142.6,132.5,150.9,66.2,127.7
346,87.6,101.3,144.2,96.7,134.2,120.9,58.1,122.2,140.8,150,140.7,193.3,141,202.1,136.1,208,139.9,207.1,76.7,172.2,149.7,169.7,148,169.4,160.2,158.4,162,179.6,154.2,148.1,148.7,207.2,100,138.2,146.1,141.4,71.2,126.3
347,80.1,107.7,134.1,94.5,125.8,121.3,55.9,114.9,133.7,151.9,135.5,188,136.8,197.4,133.1,202.3,135.4,200.7,74.6,173.5,139.2,168.9,137.7,169.4,149.4,160.1,151.7,175.3,146.4,149.8,142.6,201.5,96.1,145,136,145.9,65.9,131
348,86.4,101.3,146.9,94.9,135.3,116.3,61.7,120,147.3,150.5,143.8,195.1,143.8,203.6,139,211.2,142.5,208.9,79.9,175.4,155.9,170.8,158.9,172.3,167.1,159.5,162.7,189.5,160.5,146.2,149.6,213.4,103.2,143.1,151.1,142.4,68.4,128.8
349,81.4,104.9,138.3,95.7,129.5,117.7,60.6,124.8,151.1,148.8,141.5,182,142.9,191.4,136.5,198.2,140.8,195.4,77.2,180.9,145.7,159.9,147.8,170.4,165.7,152.8,157.1,183.5,159.6,144.1,148.1,201.2,102.4,145.6,153.2,141.2,68.1,139.7
350,79.4,103.3,138.2,91.6,130.3,114.1,61.3,118.1,139.7,145,132.5,189.1,132.1,198.3,126.1,206.4,130.6,203.6,73.6,171.5,145.7,166.3,148.7,170.5,157.6,155,152.4,180.9,150.3,143.5,131.5,209.2,99.1,139.7,141.6,140.6,69.3,131.2
351,84.2,105.3,137.4,101.6,128.7,123.2,60.7,122.3,134.5,152.4,126,185.4,126.4,191.7,121.7,197.9,124.9,195.2,71.2,170.8,137.7,168.6,140.8,169,150.6,158.7,146.7,180.9,145.8,150.6,133.3,199.8,97.6,144.1,137,147.2,67.2,130.2
352,81.3,111.1,135.5,100.2,122.6,118.2,59.8,121.9,136.2,145.2,133.7,178.1,133.3,184.8,126.6,191.3,131.4,189,79.3,168.6,139.9,160.8,141.7,161.7,152.4,149.3,149.5,173,147.1,142.4,141.6,191.4,99.7,139.7,137.6,139.7,68.8,135.4
353,76.6,106.5,135,92.8,127.3,114.5,56.8,123.2,139.7,144,134.2,182.7,133.5,189.1,127.8,197,131.8,194.1,72,176,144.9,161.4,149.2,165.6,156.3,155.3,153.7,175,151.4,144.5,138,195.5,100.8,142.9,140.3,139.6,66.9,134
354,84.8,99.6,141.7,91.9,133.2,118.8,59.3,119.5,141.9,144.2,143.3,182.6,145.2,192.7,139.8,199.2,143.7,197.1,78.3,169.4,148.2,162.5,151,163.9,159.2,153,159.9,176,153.5,141.9,155,201.2,100.5,141.2,146.1,138.6,68.7,132.7
355,85,108.5,144.5,100.3,134.9,122.8,63.7,126.8,145.3,157.1,141,196.1,141.4,205.5,136.2,213.2,140.4,210.6,82.7,185.4,146.1,175.6,148.7,179.3,164.3,168.1,159.1,187.4,159.2,155.8,149.7,216.8,106.2,152.3,146.9,151.6,71.9,141.2
356,75.2,108,130.2,98,124,119.2,60.4,125.7,134.9,148.3,133,181.6,133.7,190.8,128,197.9,132.3,195.7,70.2,175.2,136,163.3,138.3,166.5,150.3,154.3,146.9,178.4,145.6,145.4,140.1,201.4,95.2,143.3,136.5,144.1,66.6,132.8
357,86.5,106.8,146.8,104.2,136.7,126.4,63.8,124.6,143.8,155.4,141.7,195.5,142.6,201,136.3,208.3,139.8,206.2,76.4,183.7,149.5,175.1,149.8,174.3,160.4,163.8,160.8,186.9,156.3,157.1,149.4,211.7,100.7,147.3,148.9,149.3,68,134.8
358,92,88.2,150.3,93.5,137.7,114.9,69.8,124.9,143.6,153.4,139,198.7,136.7,208.1,129.3,214.7,133.3,212.3,74.1,172.6,148.6,173.3,149.5,172.1,161.5,163.5,159.6,196.5,155.4,152.6,142.6,215.7,102.6,141,149.4,144.2,76.4,120.9
359,76.2,103.7,123.4,91.1,116.1,108.3,59.5,122.3,129.6,134.4,126.9,167.9,126.2,175.3,120.9,180.9,124.1,179.3,75.7,161.8,133,151.3,136.7,149.9,145,137.6,143.1,160.2,139.5,130.5,131.8,180.2,95.7,133.6,127.6,127.7,67.1,127.7
360,82.9,104.5,139.9,89.2,133.8,113.4,65.1,120.9,144.1,145.1,134.9,183.2,133.4,192.2,128.4,198.6,131.5,196.4,81,174,151.1,164.1,153.9,167.2,163.7,155.9,156.9,177.4,157.8,140.7,141.2,197.7,103.8,141,151.8,138.2,74.3,133.4
361,77.5,98.7,134.4,97.4,123.4,118.1,53.2,116.3,127.2,152.4,124.8,196,126.2,207.3,122,214.3,125.2,212.3,65.7,178.4,134.9,174.4,133.3,174.2,148,165.1,145.8,189.5,141.5,153.6,131.7,213.9,89.5,142.7,129.5,145.7,60.8,129.9
362,106.1,97.8,162.1,92.7,154,109.4,85.6,114.4,162.4,142.1,154.2,179.8,154.9,188.3,149.5,195.1,153,193,98.5,168.3,165,161,171.2,159.4,179.9,151,173.3,175,173.9,141,161.3,195.3,124.2,135,166.6,135.7,92.6,128.2
363,80.9,100.8,142.7,97.2,132.4,114.7,59.8,114.4,142.6,152.1,138.3,186.2,138.5,205,133.8,208,137.4,207.1,68.4,168.1,145.1,168.5,147.4,171.5,157.4,161.8,156,182.6,150.4,147,147.2,206.6,97.6,140.9,140.9,145.1,65.4,127.2
364,82.5,107.9,140.4,106.8,130.4,125.8,59.5,124.9,134.4,160.2,121.5,200.2,118.9,210.8,113.6,217,116.8,215.2,63.5,173.4,135.6,181.8,136.9,182.7,149.2,169.8,142,195.7,145.3,156.9,122,219.8,94.9,147.3,137.7,152.5,66.1,133.7
365,90.8,107.3,147.8,106.6,136.8,129,71.7,125.2,141.4,163.5,141.1,206.3,142,216.3,137.6,223.3,140.3,220.9,86.1,187.5,147.2,183.9,146.8,185,158.3,173.1,157.3,198.7,154.7,163,146.6,224.2,106,149.5,145.6,157.7,76.5,135.3
366,85.2,105.7,142.5,93.9,133.9,113.1,61.5,126.9,148.4,143.7,142.7,184.9,141.9,192.1,137.1,198.3,140.1,196.2,80.8,175.5,150.8,159.5,154.6,164.5,164.7,152.8,162.1,174.8,160.8,142.9,152,196.6,104.8,141.6,151.2,139.5,68.7,136.7
367,75.6,96.7,134.1,86.7,126.7,112.2,55.6,115,140.1,143.9,137.4,182.6,137.8,192,132.3,199.1,135.8,197,72.1,172.4,143.5,162.5,145.3,162.5,155.9,151.7,154.6,173.5,150.5,141,148.4,197.3,96.6,137.9,142.3,136.5,65.1,126.9
368,81.2,103.5,135,99.8,128.1,115.7,61.4,122,136.5,158.8,123.7,193.5,123.3,204.7,118,212.8,121.6,209.7,64.7,177.2,136.3,175.4,140.6,180.5,148.1,171.5,140.8,192,144.7,157.2,130.7,210.5,92.7,148.6,138.3,152.4,65.3,133.1
369,71.9,99.9,127.2,96.5,117.7,114.4,55.2,119.7,126.2,147.4,117.6,184.7,117,192.8,111.8,197.9,115.2,196,61.2,165,129.9,165.5,131,168.8,139.3,158.8,136.1,174.7,138.2,146.1,125.1,197.3,88.1,136.9,128,140.8,60.1,127.2
370,83.8,110.2,144.7,107.8,131.7,127.3,58.6,125.7,138.8,160.2,126.7,198.1,126.1,206.6,120.3,213,124.2,210.7,63.3,176.7,137.5,175.9,140.9,182.1,155.7,169.9,145.5,193.9,151.4,159.8,135.5,213.3,97.1,150.5,142.7,154.3,64.1,136.2
371,76.1,104.2,133.4,90.8,125.9,115.7,59.7,119.9,137.7,141.8,131.7,179.3,131.1,189.7,126,196.8,129.1,194.3,72.8,165,140.1,159.4,146.9,163.7,153.3,148.1,150.9,174.1,147.6,138.2,139.5,193.4,98,139.6,140.7,135.8,69,130.8
372,78.9,96.9,139.3,89,131,113.7,55.5,113.9,140.4,145.8,137,183.3,136.8,191.3,130.7,198.1,134.4,196.4,69.4,167.4,140.3,159.8,144.7,164.1,155.1,150.3,154,172.2,151.2,141.7,149.2,192.5,96.3,135.2,141,136.8,62.5,122.2
373,79.3,103.9,144.1,97.4,130.6,117,61.3,124.4,141.9,155.9,133.2,189.3,135.2,200.4,129,207.4,133.1,205.1,72.3,176.9,141.4,171.4,145.4,176.9,159.8,164.9,154.4,187.3,154.6,152.8,144.4,204.8,103.6,147,146.3,149.1,71,134.9
374,92.5,106.4,148.6,105.5,137.3,129.2,65.6,120,140.7,157.2,130.2,199.5,130.1,207.2,124.8,212.3,128.7,210.2,72.4,176,141.9,177.8,144.6,178.6,157.2,168.1,150.9,193.1,153.4,156.6,138.9,215.6,102.2,145.8,144.2,150.4,70.6,132.5
375,110.2,103.1,169.1,100,155.9,122.6,85.7,120,157.6,156.3,147.6,191.3,143.7,200.3,135.9,204.3,140.8,203.7,91.3,170.6,159.7,175,162.4,177.6,173.4,166.5,168.4,183.3,171,154.7,159.3,201.5,122.8,143.5,162.3,150.3,94.7,129.3
376,70.7,94.2,133.5,82.5,123.3,105.4,51.3,110.5,131.1,139.3,122.6,186,121.8,195.3,114.2,201.9,117.9,199.9,61.5,167.1,131.9,164.6,133.5,164.1,151.2,147.6,144.4,176,144.7,137.3,128.2,201.9,89.8,132.2,137.3,133.3,60.7,122.7
377,82.5,102,144.1,88.7,132.3,113.9,60.8,126.4,144.9,147.5,139.8,182,141.6,191.8,135.6,198.9,140,196.1,77,175.5,147.4,163.4,148.3,163.1,161.8,153,157.7,176.6,157.8,147.1,149.8,198.2,103,141,152.9,143.3,69.5,135.1
378,88.7,102.4,146.2,92.1,139.3,116.4,63.8,120.6,147.8,150,147,191.9,148.4,201.6,143.3,210.2,147,206.5,83.2,182.1,154,168.6,156.4,170.9,167.7,158,165,182.3,162.2,146.5,156.6,208.1,105.2,143,150.3,143.4,71.3,134.2
379,79.5,100.1,141.8,91.9,133.7,114.6,58,119.8,139.5,148.3,138.6,188.8,140.4,197.7,135.4,204.6,139.3,201.8,72.8,167.5,145.4,166.2,147.9,167.9,158.6,153.2,158.2,175.9,153.4,145.1,150.8,203.4,98.5,142.4,142.7,141.3,66.5,128.6
380,102.3,101.8,160.9,93.5,151.1,118.1,82.7,114,154.5,148.7,153.6,186.4,154.8,195.4,151.3,201.1,153.9,199.1,94.1,167.1,161.1,167,159.7,166.5,171.6,155.4,171.6,176.2,167.8,145.5,159.7,203,118.6,140.3,158.9,142.2,93.2,124.7
381,110.5,104.7,171.9,102.3,160.5,126.1,91.9,114.7,164.7,155.9,149,189.8,145.6,201,137.1,204.3,142.9,203.4,97.1,163.2,161.2,174.1,162.2,175.9,179.6,164.7,167.3,190.3,174.7,153.4,149.5,207.3,126.9,144.1,167.4,149.5,98.4,127.3
382,74.8,101,132.5,89.1,123.1,116,54.4,118.5,129,144.6,122.9,178.8,122.9,186.5,118.5,191.8,121.5,189.8,69.3,164.5,129.8,161,133.8,164.1,145.6,149.9,139.4,176.7,142.3,139.1,129.7,192,91.5,136.7,132.1,137.2,61.7,125.6
383,79.4,101.7,137.6,93.3,127.5,117.8,52.7,118.4,132,148,135.3,183.4,136,189.3,130.9,196,134.6,193.7,75.6,164.2,138.8,164.2,137.2,164.2,146.7,154,151.6,175.2,144.9,146,143.3,197.7,94.9,141.2,139,141.6,65.7,127.7
384,83.7,110.7,140.5,105.9,131.5,128.3,62.4,127.9,139.6,161.8,130.3,196,129.9,203.5,125.5,209.2,128.4,207.4,71.3,175.9,141,180.1,144.9,179.5,153.3,163.9,147.5,192.5,146,155.7,138.7,208.6,99.9,151,140.9,153.9,70.9,140.1
385,85.1,111.7,141.5,103,132.6,129.4,62,127.5,139.9,156.5,137.2,189.3,139.7,198.7,134.9,204.5,137.8,202.3,75.5,178.4,142,175.3,144.9,176.8,155.9,167.4,153.8,186.5,152.8,157,149.2,207,100,152.3,143.7,152.5,68,137.4
386,86.5,111.4,144.3,107.1,135.3,126.9,70.9,126.4,142.9,152.6,135.4,184.3,134.8,189.3,130,194.8,133.5,193.1,78.3,169.2,142.3,166.4,144.8,169.7,156.2,157.1,152.3,175.8,151.8,150.5,142.4,196,103.7,143.3,145.4,146.4,75.7,135
387,83.3,103.3,143.2,101.4,129.3,122.8,60.4,118.1,138.1,148.2,130.1,185.8,127.3,196,121.6,201.1,124.9,199.4,71.5,168,140.6,171.3,142.1,171.6,155.8,157.1,149.8,186.4,150.4,149.9,136.2,199.9,100.6,140.4,141.6,144,69.3,128.4
388,82.6,112.4,135.8,100.2,128.4,126.2,61.5,125.8,137.4,146.4,134,181.4,134.5,188.5,129.9,194.9,133.1,193.1,78.4,169.6,136.9,164.4,140.8,164.1,152.5,154.2,148.9,173.8,148.5,146.1,141,195.3,98.7,143.1,141.5,141.9,69.2,137
389,86,110.5,146.3,96.2,137.7,123.7,62.4,127.9,145,159.4,129,198.8,128.6,209.5,124.3,216.9,127.3,213.8,75.4,176.3,143.8,178,146.8,177.6,160.1,170.2,154.5,192.3,159.5,155.9,144.7,219.4,106.5,148.9,154.9,151.4,73,137.8
390,79.4,111.6,141.1,103.4,133.1,125.2,63.5,128.8,143.1,157,135.7,189.5,137.7,200.2,132.7,208,135.9,205.1,76.4,176,139.8,171.6,144.9,174.8,154.9,169.9,152,185.4,152.8,156.8,145.6,210.2,102.2,150.4,144.9,151.5,70,141.2
391,82.6,95.3,140.3,86.4,132.5,111,62,119.8,142.6,146.6,137.8,186.6,137.6,197.6,132.2,205.6,135.8,203.1,73.5,179.5,144.5,167.2,146.5,168.3,158.4,157.2,156.3,178.5,152.4,142.6,145.6,207.4,100.7,139.8,146.3,137.4,67.9,130.7
392,79.8,105.7,144.4,99.4,132.4,121.7,60.1,128.3,143.8,154.4,146.1,196.7,146.7,206.4,141.6,214.2,145.1,212.2,73.8,186.1,150.7,172.8,148.3,175,160.7,165.1,163.9,184.1,154.5,154.6,152.4,215.3,102.1,145.6,147.2,150.4,67,138.1
393,84.9,92.5,136.7,84.6,128.6,109.3,60.4,129.9,137.2,142.5,131.3,179.8,132.5,191.7,128.6,198.1,131.3,196.4,73,167.9,137.5,160.7,140.2,162.4,155.3,155.5,151.6,176.4,154,142.1,143.4,199,98.2,136.5,139.8,135.6,68.7,126.4
394,87.3,104.5,147.4,102.6,136.3,126.2,62.7,118,142.5,155.6,138,196,138.5,205,132.9,212.1,136.7,210,73.5,184.9,144.7,173.5,147.2,175.4,159,171.1,153.8,189.1,153.3,157.4,151.7,216.4,101.4,142.2,145.2,151.1,68.1,137.2
395,85.8,101.6,149.6,96.5,137.1,120.4,62,120.4,147,152.8,146.5,184.3,148.4,194.1,142.2,202.3,145.8,199.6,72.5,185.2,149.9,171,152.4,171.5,164.1,161.2,163.2,177.9,158.3,150.6,158.7,197,101,145.7,148.9,149.6,68.6,135
396,78.9,107.7,137.6,91.5,129,115.9,56.9,123.1,142.3,149.8,137.7,183.7,139.1,191.5,134.6,197.4,137.7,195.4,73.8,174.9,147.3,164.1,150,167.6,157.7,154.9,155.1,176.1,149.7,144.6,145.5,197.9,98.9,145.4,144,142.4,67.5,133.2
397,77.4,103,137.1,94.2,130.1,113.8,56.8,123,141.5,148.2,135.9,189.9,136,199.9,131.9,205.6,134.5,203.8,76.9,170.9,146.7,166.4,149.5,169.5,159.9,155.8,156,182,150.7,144.7,144.5,206.9,100.6,139.7,143.5,141.6,66.9,133.7
398,82.5,103.3,146.8,99.2,135.7,113,60.5,120.7,147.1,146.2,137.7,183.4,135.8,191.2,130.1,197.2,133.4,195.2,76.3,167.1,147,163.5,150.8,168.2,162.7,157.9,155.8,176.7,158.5,144.2,147.2,196.4,100.3,141.7,150.1,138.6,70.7,131.8
399,80.8,99.5,140.3,96,130.2,114.9,59.7,116.5,135.8,146.1,135,185.3,135.8,196.3,130.6,204,133.7,201.8,74.6,171.6,143.9,167.5,143.2,167,155,160.5,153,182.3,145.5,148.9,145.7,204.4,95.3,138,139.6,141.2,67.1,126
400,75,104.1,131.3,94.2,123.2,117.4,57.2,126.5,133.1,148.8,129.7,187.1,130.4,195.7,126.4,201.1,129,199.3,65.5,182.9,138.8,167.1,141.6,169.6,148.6,157.4,147.2,180.2,145.9,148.2,136.8,200.1,92.8,145.1,137.9,144.2,60.8,135.8
