001,82.9,99.1,146.5,103.5,130,127.5,58.8,117.8,136.5,163.1,134.2,209.3,132.5,222.4,120.9,225.3,128.2,227,69.5,182.2,145.7,186.8,144.8,186.4,158.6,175.1,157.1,201.5,150.1,160,144.1,221,93.5,151.4,136.8,155.2,66.4,133.2
002,80.9,104.8,141.3,94.7,128.6,123.7,59.5,124.3,135.3,149.3,133.7,188.7,138.1,201.5,128,208.1,135.5,207.4,66.3,171.9,140.8,171.6,142.5,173.4,151.7,166,151.3,183.7,146.2,151.2,148,204,98.3,143,139.2,144.6,72.3,129.4
003,76.3,110.2,133,91,127.4,117.2,62.1,126.4,143.7,142,143.6,177.8,146.1,188,140.7,193.6,144.6,192.4,80.7,171.4,145.1,157.4,149.5,160.7,157.6,143.9,159.5,168.7,152.7,136.2,154.7,185,100.2,141.2,144.3,134.8,71.2,135
004,87.5,107.7,151.3,94.4,138.5,124,62.3,122.6,151.1,152.9,145.3,191.2,146.8,201.6,139.7,209.2,144.5,206.6,80,185.4,149.1,170.8,153.7,174.3,165.5,168.4,162.7,187.8,161,152.7,155.3,202.7,107.3,144.9,154.7,146.4,70.2,134.8
005,70.3,102.1,130.3,81.1,123.3,108.3,61.4,122,138.9,140.4,132.3,179.4,132.5,195.9,126.5,201,131,199.3,67.8,161.5,141.4,159.4,145.8,163.2,153.3,145.5,149,177.6,145.8,137.1,141.7,190.6,94.5,137,143,130.9,62.8,132.3
006,82.7,96.8,139.9,100.5,128.3,122,57.4,111.9,132.3,154.9,139.3,200.1,138.5,210.9,132.1,216,136.6,214.2,74.4,164.7,144.3,177,139.3,176.8,152.6,162.6,156,187.3,146.3,152.7,151.6,206.5,91.9,141.2,138.9,146.6,68.7,123.9
007,83.5,100.4,144.8,82.9,135.6,112.6,62.5,125.2,139.8,147.3,134.2,195.2,134.5,213.4,128.9,218.8,132.6,217.6,72.7,174.8,144,171.6,147.1,172.4,161.6,160,160.6,182.3,158.7,145.4,148.1,200.6,103,140.1,148.3,136.4,69.5,134.8
008,78.2,102.6,131.8,82.2,123.8,110.5,64,120.6,144.5,133.8,136.3,171.7,136.5,183.1,131.6,188.6,135.1,187.2,75.4,164.6,145.2,152.2,149.4,155.5,159.8,141.9,157.2,164,149.9,127.1,146.9,181.2,101.2,132.6,143.3,126,69.6,129.1
009,85.6,107.2,143.8,103.5,132.2,124,60.6,124.5,138.5,155.6,132.1,190.6,130.5,202.2,125.3,206.6,128.5,205.7,68.6,170.1,137.1,173.8,139.5,175.7,152.5,167,150.1,182.8,149.7,152.4,144,199.4,97.9,144.8,144,147.2,67.7,136.1
010,84.5,106.4,139,89.7,133.6,115.7,65.9,124.2,146,144.8,136.3,179.8,136.7,188.9,132.5,193.5,135.3,192,75.7,165.6,143.9,160.2,147,161.7,160.6,153.6,152.5,176,156.5,140.5,147.1,188.6,104.5,138.3,140.9,136.6,74.6,133.7
011,76.7,103.4,137.5,96,128.3,119.2,58.4,119.2,137,148.4,128.1,187,126.9,197.7,119.3,203.6,124.1,201.8,68.4,164.2,142.1,168.2,146,168.8,155.4,159,149.3,183.6,150.6,144.7,139.1,192.2,98.2,139.1,135.9,141.2,69.4,129.3
012,85.6,103.6,151.9,95.7,140.1,121.7,63.4,125,151.7,157.3,159.9,196.7,161.7,207.2,155.5,214.3,159.7,212.2,85,180.6,161.3,173.9,157.8,174,169.6,161.4,174.5,182,163.3,149.7,172.6,206.8,106.2,147,153.7,144.2,72.8,137.1
013,75.2,103.7,134.6,102.6,123.5,126.9,51.5,114.8,125.7,154.4,127.8,186.7,127.5,195.3,122.3,200.6,125.8,198.8,64.2,160.5,130.9,169.7,128.3,171.2,141.7,165.3,142.1,179.7,138.6,154.5,138.3,198.6,91.3,141.7,129.9,150.8,61.2,125.5
014,74.2,103.6,135.1,99.4,123.9,123.5,55.9,117,130.2,151.1,124.5,190.5,124.9,200,118.7,206.6,123,205,69.4,167.5,133,171.6,134.5,171.8,149,160.4,140.8,188.7,146.1,150.4,134.4,203,90.3,143,134.9,145.2,64.3,129.3
015,74.6,109.1,132,98.3,126.3,124.5,54,120.2,138.5,156.4,132.6,190.8,128.6,205.8,122.6,210.5,126.5,209.2,71,175,139.3,173.7,140.9,173.4,151.2,168.5,149,188.5,147.4,151,141.4,205.6,93.3,145.5,133.4,145.8,62.7,130
016,88,99.7,148.8,85.5,135.5,115.4,64.8,119.8,149.2,146.8,144.5,185.2,143.7,194.7,138.3,200.3,142.1,198.9,83.2,173.5,155,162.5,157.9,163.5,165.5,150.5,164.4,176.5,158.9,136.9,155.5,188.1,105.1,137.6,151.2,134.4,70.4,130.8
017,82.1,103.5,139.2,96.1,129.8,120.4,59.6,116.6,137.6,155.6,140.7,196.5,140.6,208,132.3,214.3,137.7,212.4,67,177.1,148.1,173,144.1,175.7,158.9,167,160.6,189.8,153.7,154.1,150,205.2,95.2,144.8,141.7,148.8,66.5,132
018,84.1,110.5,140.9,101.9,132.1,129.5,63.8,125.1,139,157.2,128.1,190.1,124.7,199.2,117.1,203,121.7,202.4,69.6,171.9,139.7,175.7,142.8,179.9,154.1,171.6,146.9,187.4,150.3,157.6,138.1,199.6,98.8,149.8,141.6,152.6,69.1,137.7
019,78.2,106.8,134.9,96,125.5,118.7,61.5,125.2,133.8,148.1,130.9,179.3,131.7,187,125.2,194.4,130.3,191.7,69.8,170.6,131.2,160.3,138.6,167.4,151.5,157.6,146.5,173.7,142.5,148,142.1,187.8,96.5,143.5,134.2,141.9,67.5,138.4
020,76.8,112.4,133.1,102.5,125.8,125.6,57.3,126.4,136.3,158.4,131.4,187.9,131.3,197.1,124.6,203.7,129.4,201.4,66.2,175.4,139.7,171.8,142.4,173.4,148.3,163.2,146.4,184.6,141.6,153.8,139.1,197.9,93.9,149.3,135.4,150.8,64.7,138.3
021,82.1,109.6,143.5,103.2,126.8,131.1,58,121.2,127.7,161.3,118.4,200.4,118.5,213.6,109.8,220.6,116.1,219.1,63.6,178.3,130.8,182.2,131.3,181.6,148.1,173.1,140.5,196.4,145.4,157.9,131.1,213.4,90.7,150.5,130.5,153.9,63.8,136.4
022,85,103.9,146.7,97.7,132.7,122.4,60.1,118,144.3,149.4,142.4,183.2,143.4,192.6,137.4,199,142.1,196.6,78.8,175.2,146.5,165.2,149.9,167.4,160.8,158.2,158,178.7,155.5,147.2,152.7,192.8,100.6,142,145.1,144,67.1,132.4
023,85.9,102.9,153.8,106,139.5,127.5,59.8,119.6,144.3,164.2,154.3,204,155.7,216.2,149.8,225.6,154.7,222.2,81.3,181.4,158.3,181.2,145.2,184.6,162.7,175.9,170.8,194.4,158.6,164.4,167.8,216.3,100.8,150.4,147.6,161.2,72.7,134.7
024,81.8,107.4,142.5,102.4,131.6,126.4,58.6,122,137.5,155.3,132.5,188.6,133,198.8,126.5,205.8,131.5,202.8,72.2,170.8,140.9,174,142.9,176.1,156.1,164.8,150,188.2,148.1,147.1,142.8,201.6,96.9,145.5,140.6,149.6,68.6,132.7
025,80.1,99.7,137.1,105,124.8,134.4,60.6,111.9,127.9,163.9,112.6,202.2,111.2,207.4,103.5,212.4,108.4,210.4,62,174.6,127.3,184.5,126.9,184,147.1,175.5,136.3,203,143,163.7,125.2,212.4,86.4,146,130.9,159.2,65.3,130.3
026,84.3,106.9,144.2,103.2,135.8,127.5,60,123.4,146.4,156.8,149.7,196.3,150.3,208.8,142.9,214.2,148.4,212.2,81.4,175.7,152.3,176.4,153.8,176.1,163.1,166.2,168.9,187.3,157.1,153.6,164.1,203.8,103.3,148.6,150.5,149.2,71.5,135.3
027,81.8,107.2,140.9,98,132.2,121.4,63,123.6,144.6,148,139.2,181,140.9,195.4,135.9,200.6,139.7,198.3,72.7,173.1,150.1,165.3,151.7,169.2,160.2,160,156.9,183.9,154.3,148.2,151.9,195.7,102.1,141.3,143.9,143.4,67.8,133.2
028,85.4,105.8,146.4,100.7,135.7,121.3,63,118.2,147.1,152,144.2,184.8,144.7,194.9,137.2,200.6,142.9,198.5,75.4,168.8,150.6,168.2,151.9,169.7,163.1,160.5,161.4,181.2,158.7,150.4,154.6,196.4,102.7,142.2,149,147.8,70,133.4
029,76.2,103.2,139.6,97.4,128.8,119.6,58.8,119.2,139.6,148.6,138.7,191.2,138.6,203,129.3,209.4,135.8,207.7,70.9,179.1,147.9,171.5,150.5,172.7,159,158.5,160,183.8,150.4,146.4,150.1,198,99.2,144.9,143.4,143.5,66.5,132.8
030,83.5,105.8,135.2,100,123.2,125,59.5,123.5,132.4,160.2,127.9,196.9,127.3,213.2,121.2,218.8,125.7,216.6,70.4,180.2,140.8,179.4,142.2,181,151.8,170.4,151.1,192.4,142.3,157.6,139.6,209.4,95.9,150,131.5,152.7,67.5,134.7
031,80.1,106.2,142,96.3,134.5,119.3,59.9,124.4,145.2,148.8,144,177.7,147.5,189.6,142.4,196.5,146.5,193.6,78.2,173.2,147.5,163.4,151.4,165.5,160.9,156.6,160.2,174.5,156,146.1,157.4,189.6,103.3,146.7,146.3,142.7,67.7,135.7
032,75.4,100.6,130.8,87.6,123.7,113.1,53.3,116,132.3,137.5,129.3,177.2,131.2,190.8,126.2,196.6,130.3,194.8,68.2,164.4,136.1,155.1,139.2,155.8,153.7,147.5,151.3,177.1,146.1,134.4,142.3,189.6,94.1,132.2,133.9,130,62,126.9
033,82,108.1,146.1,109.8,129.5,131.5,55.2,118.8,137.1,163,138.2,198.7,140.7,209.6,133.4,216.1,139.2,213.9,68.3,182.8,141.2,180.3,138.7,181.8,156.3,174.7,156.3,195.9,150.6,165.6,149.6,210.8,95.5,153.9,140.7,159.2,63.8,136.7
034,82.3,107,137.8,96.3,130.1,119.7,61,125.4,145.6,148.4,147.5,178.4,149.4,193.6,141.7,200.6,147.4,198.5,80.6,177.3,150.1,164.4,152.3,164.8,161.7,153.5,163.8,170.9,155.1,143.4,158.3,184.3,100.7,144.4,146.4,142,71.4,138.4
035,76.2,100.3,134.1,94.9,123.5,120.7,58.8,116.1,130.4,145.6,131.7,182.2,132.4,191,126.1,196.7,130.7,194.6,68,166.8,135.3,163.3,132.9,165.2,146.8,153.5,146.2,175.4,141.5,143.6,141.9,193.4,94.2,137,135.1,141.6,65.8,126.2
036,73.5,102,133,100.3,121.4,125.5,52.2,118.4,124.9,153,125,193.8,125.7,202.8,118.9,208.5,123.5,206.6,61.1,175.4,129.3,173.6,129.1,173.2,141,162.7,138.8,183.2,137.8,152.6,135.2,203.3,89.2,142.3,128.5,148.4,59.7,130.7
037,80.8,103.2,139.3,105.4,127.1,130,58.4,116.7,132.3,159,138.5,198.9,139,213.1,133.9,218.9,137.7,216.8,74.4,181.3,143.5,178.8,137,181.8,149.1,172.5,153.7,186.8,144.1,160.7,151.1,208.1,92.9,144.6,134.9,154.6,63.8,126.3
038,81.9,104,138.3,107,127.1,129.8,57.5,118.6,131.3,159.8,124.1,189.1,122.1,200.3,114.6,206.6,119.2,204.5,63.4,170.2,131.5,174.4,133.3,177.1,145.3,171.9,141.5,186.3,145.6,158.5,129.7,203.2,92,146.4,131.9,155.5,63.5,131.9
039,88.5,108.3,145.7,99.2,133.3,124.6,65.5,118,143.3,151.8,138.4,182.6,141.1,194,133.7,201.5,139.3,199.4,76.2,178.1,141.7,165.2,147.1,170.6,155,163.2,154.9,180.2,149.9,150.8,153.2,195.4,104.4,145.3,143.7,147.8,71.6,135.8
040,79.7,99.8,136.1,92.9,125.5,118.4,55.6,115.2,134.2,146.2,125.8,183.4,123.9,196,115.3,200.6,121,199.4,62.1,165.6,137.7,167.6,139.1,168.9,148.1,158.6,143.8,182,143.5,146.7,133.7,194.6,96.2,136.3,136.3,138.4,63.8,125.3
041,81.6,100.9,143.6,94.8,131.3,124,58.4,121.6,144.9,149.4,147.5,180.1,150.8,194.7,144,202.4,149.5,199.6,73.6,191.9,146.9,165.2,150.2,168.9,163.5,159.4,162.3,175.8,158,148.9,159.9,195.7,100.1,143.7,148,144,65.7,136.1
042,75.3,108.6,135,87.9,127.5,112,57.4,125,139.2,143.2,131.7,173.4,132.7,185.8,126.4,192.3,130.6,190.1,71.8,166.2,136.9,159,141.2,162.2,154.1,150.2,150.3,169,151.4,139.1,144.9,177.2,99.7,139.6,144.1,135.6,68.4,134.9
043,78.2,108.8,132.9,99.4,126.9,120.8,59.4,125.1,137.5,149.9,134.5,181.1,135.3,190.1,128.1,196.3,133.4,194,68.8,170.4,139.3,163.2,145.8,168.2,152.8,154,148.7,179.8,145.9,145.6,142.6,191.9,98.7,146.6,138.9,143.4,67,138
044,76,107.8,135.1,96.4,128.9,121.2,63.6,129.2,137.3,153.1,127.5,183.4,126.1,195.8,120,199.8,124.4,199.2,68,168.1,137.3,168.6,140.3,171.5,149.8,160.4,145.5,181.6,147.3,149.1,137.2,190.6,96.2,142.4,140.1,145,68.4,140.6
045,73.8,107.7,132.1,93.5,127,118,59.2,122,137.8,147,128.9,181,129.1,191.9,122.8,196.2,127.1,195.6,70.8,169.4,139.3,165.2,142.3,167.2,152.3,158.3,148.5,176.6,148.3,144.6,140.2,189.9,96.7,141.5,138.1,140.8,65.9,133.2
046,81.1,103.7,137.9,95.8,131.7,121.2,58.4,119.8,138.5,149.1,133.2,184.6,130.8,197.2,124.2,204.2,128.6,202.4,70.5,169.4,143.2,168.1,147.6,166.8,157.3,155.1,153.5,182,146.9,144.1,141.5,196.4,97.4,145.2,140.4,139.4,64.4,132.6
047,75.1,107.3,132.2,103,123.6,125.2,60.5,125.4,132.8,156.2,129.7,190.3,129.6,202.6,124.4,208,127.9,206.6,63.9,174.5,137.9,172.4,141.2,174.8,150.5,164.1,146.3,184.6,147,152.5,139.6,202,92.9,151.7,131.1,149.7,64.2,138
048,81.6,102.6,138.8,92.8,131.5,115.2,63.8,124.7,137.9,147.8,132.4,182,132.5,197.6,128.1,203.1,131.2,201.2,72.9,168.7,141,166,143.5,167.9,154.8,154.2,149.8,181.3,150.2,144.8,144.6,194.2,100,143,141.5,142.3,69.7,133.8
049,73.5,110.6,125.9,94.5,120.1,119.1,61.8,127.8,132.3,142.5,131.9,174.2,134.2,183.4,129.3,188.6,133.4,186.7,74,165.9,130.4,159.6,137.2,159.7,145.6,144.5,145.3,158,141.5,138.4,144.2,177.1,92.7,135.4,133.5,136.6,65.8,138.2
050,89.5,104,153.7,100.4,139.9,126,65.4,121,152.7,156.8,148.2,195.9,148.3,206,140.8,215.4,146.5,212.8,80,180,154.5,180.9,158.4,175.6,169.8,168.1,166,186.6,167.1,156,160.5,205.8,107.3,148,155.2,151.9,72.9,133.8
051,79.7,106.4,136.2,98.5,128.1,120.5,59.9,121.5,135.9,146.4,135.5,182,135.9,189.9,130.9,195.1,134.3,193.6,64,173,137.9,163.1,141.5,167.4,152.7,156.2,150.1,175.6,147.7,146.2,146.2,190.4,97,142.4,138.3,143.3,66.6,133.8
052,80,104.3,146.5,95.5,132.1,119.2,59.8,119.7,142.7,152.4,150.5,191.3,152.9,207.6,144.3,215.6,150.6,213.5,78,183,154.9,173.9,153.1,173,166.2,163.8,168.8,187.5,157.5,151.5,166.9,208.9,98.7,143.6,143.8,149,66.3,134.6
053,93.3,100.8,151.3,99.5,139.9,124.2,68.9,113,146.9,153.7,139.1,182.8,137.8,198.5,130.8,203.6,135.7,201.9,71.1,172,144.8,168.8,149.4,174.4,161.2,164.4,154.4,187.4,156.9,152,148.3,200,106,142.2,150.6,148,72.8,130.3
054,77.5,103.4,136.9,90.8,127.1,116.6,56,119.4,137.6,144.8,137.5,181.8,137.1,189.7,129.7,195.9,134.7,193.9,67.9,169.4,145.8,162,150.5,164.8,157.1,151.2,156.1,173.5,153,141.3,149,189.2,96.9,141.4,140.5,139.8,63,133.6
055,83.3,104.2,134.9,96.1,127.9,119.4,58.4,120.9,137.2,142.8,140.2,175.2,140.2,184.6,134.9,190.4,138.4,188.7,73.4,165.6,145.2,159.5,144.6,158.6,156.8,151.6,154.6,175.4,151.7,141.9,149.9,186.9,97.9,138.4,138.6,140.1,68.2,132.5
056,80,105.6,142.4,101,127.5,130.5,59.4,125.2,129.9,158.8,118.4,196.2,116.9,208,110.7,212.2,115.1,211.2,65.8,171.9,131.6,176.6,139.9,181.3,151.5,165.2,139.2,197.1,141.5,157.4,130.5,206.2,93.9,148.8,133.7,150.1,66.6,132.2
057,75.9,105.2,136.4,93.2,124.9,119.3,53,124.8,136.4,142.5,129.5,178.9,129.7,188,123.5,193.4,127.9,192,75.9,167,136.7,161.3,139.7,163.1,154.2,148.9,147.1,175.1,147.9,140.4,140,185.9,97.3,139.8,138.4,138.6,67,137.2
058,72.6,110.7,127.7,98.9,117.4,124.8,54.8,126,126.9,147.3,123.7,174.8,122.1,185.5,114.7,190.2,119.6,189.6,68.5,169.8,128.8,160.4,126.9,160.4,141,154.2,140.6,167.8,136.4,144.4,136,180.1,90.4,142.1,130.1,143.8,62.7,138
059,77.2,110.4,128.5,97.6,122.3,121.7,53.9,119.8,132.7,142.5,132.2,175.9,132,184,125.7,190.2,130,187.8,71.6,167.8,136.2,159.4,136.4,158.6,147.6,151.5,146.5,167.2,140.4,140.5,141.7,184,96.1,140.7,136.5,138.8,66.6,136.2
060,81.6,108.6,142,106.3,130.3,131.6,60.4,119.1,134.5,157.6,133.5,198.2,134.8,211.2,128.4,216.5,133.1,214.8,78.5,173.7,136.3,180.2,127.9,178.4,151.2,169.2,150.2,191.6,146.5,160,144.8,207.5,96.6,147.3,137.1,155.2,69.4,132.8
061,82.2,98.7,142.9,85.8,133.3,111.6,60.7,112.9,147.5,139.7,145.1,174.6,145.8,184.2,139.8,190.8,144.4,188.2,78,168.7,150.3,156,151.5,156.4,164.1,150.2,163.5,167.9,157.5,136.6,159.1,187,100.5,133.6,150.8,133.2,66.6,124.4
062,81.8,105.3,140,99.5,132.8,121.4,61.3,123.8,142.7,152.2,135.1,187.6,132.8,200.6,127.3,206.4,131,204.7,73.1,168.1,148.5,172.6,149.7,172.7,159.2,161.1,158.3,183.4,153.1,151.8,148.1,193.6,99.9,144.8,146.1,146.2,67.6,133.8
063,83.4,104,140.6,108.4,131.1,125.1,57.3,118.9,137.7,149.5,140.1,189.8,140.1,198.6,133.9,204.7,137.7,202.1,70.3,169,145,172.4,146,173,156.2,166.7,156.7,182,149,151.2,151.5,201.8,98.7,142.5,140.6,144.9,64.6,131.4
064,79.5,106.8,133.9,101.5,127.4,121.4,60.2,124.2,135.3,146.4,132.1,182.1,131.5,191.6,125.6,197.5,129.7,195.8,74.1,168.2,138.5,165.3,141.5,167.8,152.8,155.1,146.7,178.4,145.3,145.8,141.9,192.6,97.6,143.3,140.1,142.6,67.8,132.4
065,80.8,105.3,136.3,94,126.5,117.4,54.9,121.5,140,145.5,140.5,181.7,139.6,194.9,133.5,200.7,138,198.5,72.6,171.8,148.3,167.7,148.7,167.4,159.3,159.3,156.5,179.9,152.3,146.7,149.9,193.4,98,140.4,143.3,140.2,61.5,133.4
066,78.2,102.4,141.2,92.6,132,113.2,54.2,116,139.1,138.5,131.7,179,132.5,190.3,126.7,197.7,131.4,196,71.1,169.4,139.9,157.8,144.9,161.5,155.6,153.2,151.6,174.6,149.7,140,147.1,182,101.8,135.8,140.7,133.2,64.8,131.9
067,85.9,107,143.7,100,132.4,121.9,64.2,123.9,138.8,157.7,143.9,184.6,144.5,193.3,138.5,199.6,142.6,197.2,80.1,168,147,169.9,138.7,173.8,158.8,168.1,160.9,184.2,153.7,156.4,153.3,196.8,102.1,147.3,143.2,154,71.8,133.4
068,91.5,109.8,146.7,99.5,136.1,127.6,64.7,128.8,148.9,153.4,154.2,194.4,154.7,209,148.5,218.2,152.6,214.6,84.4,184.3,159.5,175.7,160.7,175.4,173.5,161.2,173.2,186.8,166,150.6,171.2,210.5,107.5,148.6,153.8,147.6,73.7,139.8
069,74.4,93.9,132.2,96.6,121,117.6,52.7,111.4,128.7,147.4,121.7,182.8,121.5,197,115.7,202.7,119.5,200.6,59.6,167.8,132.3,166.6,136.5,169.5,149.5,155.4,141.5,183.6,140.9,146,134.5,194.8,89.1,137.1,132.7,142.6,58.8,125.8
070,77.8,107.1,135.3,98.4,123.1,127,59.3,125.5,128.1,151.1,121.9,186.3,122.7,196.2,118.2,202.5,121.9,200.4,70.6,169,130,168.5,133.9,171.8,143.7,160.4,140.7,179.7,138.3,150.3,134.9,194.9,96.8,145.8,132.8,146.6,69.2,132.1
071,77.2,101.5,126.3,84.2,119.7,110.2,61.8,122.4,135.4,134.3,128.1,168.4,128.2,177,122.7,182.2,127.9,182.5,73.9,168.6,136.5,152.2,143.2,154.1,154.1,143.2,151.2,164.8,143.8,132.5,145.8,179.5,98.5,131.3,138,129.7,70.1,129.4
072,81.3,105.8,139.7,91.9,135.5,114,62.4,125.4,147.7,147.7,135.9,181.4,134.3,194.2,128.1,199.9,132.1,197.7,76,171.9,148.5,163.9,156.9,170,167.5,159.7,156.2,184.7,161.3,144.4,145.1,193.1,105.1,143.4,151.7,142.4,74,137.1
073,81.1,110.4,139.1,104.4,131.5,128,60.5,126.5,137.1,155,134.7,190.4,135.1,197.4,128.5,206,133.5,202.9,71.8,181.5,143.4,173.2,145.3,173.8,155.3,168,153.9,185.6,148.8,155.4,147.7,200.2,96.9,148.8,136.9,151.1,66.2,140.9
074,84.1,104.1,146.2,89.3,137.8,111.8,62.5,124.6,153.2,140.2,143.1,178.4,147.7,192.5,140.7,198.3,145.6,196.2,82.2,175.5,150.1,161.9,150.7,163,168.7,156.6,163.4,177.4,163.9,143.2,159.4,194.4,109.2,137.7,155.4,135.2,73.5,135
075,80.4,105.1,137.6,100.7,129.1,121.6,62.6,125,139.3,148.1,130.5,184.9,127.9,196,123.5,202.2,126.5,199.9,71,166.4,141.9,169.2,144.4,169,154.7,159.2,146.7,186.1,149.1,148.2,138.9,195.6,100.9,141.5,140.5,145.6,69.4,134.5
076,77.5,101.6,133,88.8,126.7,111.2,60,118.5,141.7,139.7,141.1,173.6,140.5,185.5,133,193.1,137.9,190.4,75.2,169.1,149.4,156.3,151.8,157.3,159.7,151.6,159.8,166.3,149.1,137.1,153.2,186.6,102.5,136,141.3,134.8,67.6,131.8
077,85.7,98.4,145.5,92.2,133.7,115.2,60.9,118.2,146.1,148.6,139.5,181.9,137.9,195,130.9,202.4,135.6,200.6,76.5,173.2,149.7,164,151.9,166.7,161.6,156.9,157.7,176.2,156.8,145.2,153,193.1,102.7,136.9,147.4,142,69.5,131.4
078,85.7,101.4,144.3,94,134.3,117.3,65.6,115.6,141.3,147.4,143.1,179.8,145,196.7,139.1,202.8,142.9,201.5,79.3,170.1,149.5,165.6,147.9,165.6,155.7,156.8,157.5,175.1,151.3,145,153.7,196.5,103.1,142.4,144.9,141.8,75.6,129.6
079,88.2,106.6,146.8,108.2,133.1,127.8,62.5,120.2,142.4,164.4,144.7,199.7,148.4,213.4,141.8,220.4,146.9,218,73.6,190,146.1,182.9,148.9,184,160.9,172.3,161.5,192.3,152.6,161.4,158.3,212.8,97.1,151.6,144.1,156.5,67,136.7
080,82.3,107.2,135.1,108,123.7,123.4,56,118,129.9,151.9,121.5,183,119.4,190.2,114.4,194.5,118.6,195.6,70.6,162.3,130.7,167.8,132.8,170.1,148.9,159,138.6,181.7,142.4,151.4,134.5,194.9,93,140.5,132.1,149.3,63.9,128.7
081,81.3,102.7,138.9,97.9,130,124.2,62.4,123.9,137.7,154.1,129.2,197.2,129.1,208.1,123.2,213.8,127.1,211.6,76.2,178.9,138.5,180,144.1,176.2,154.3,166.3,149.5,186.2,151.3,153,141.7,199.4,100.5,146.3,142.3,149,68.7,134
082,76.3,96,135.1,87.1,126.6,116.3,57.9,115.4,135.6,143.4,134.3,188,135.4,200,128.7,205.1,133.6,203.1,78.2,172.6,144.1,168.6,145.6,168.4,155.4,156.4,153.9,184.2,148.7,142,146.1,199.2,95,133.8,137.9,137.6,66.7,124.9
083,73.9,97.3,123.9,86.3,121.6,111.6,56.5,117.8,132.9,134.9,129.4,168.4,129.3,179.1,122.5,185.2,127.5,183.1,69.4,161.8,134.2,153.9,138,151.5,149.3,142.4,144.9,163,144.8,131.8,138.4,179,94.5,132.5,134,131,62.3,127.9
084,79.2,101.1,139,95.5,130,119.9,54.4,117.3,137.3,150.8,126.1,185.8,121.5,198.6,114.4,204.1,119.1,202.5,58.9,169.9,135.1,170.2,138.3,174,152.7,162.6,146.3,184,149.2,149.8,134.5,194.4,95.3,141.2,140.2,143.6,61.6,132.2
085,76.4,101,138.9,103,126.7,127.3,53.1,115,127.9,158.7,123.3,202.4,119,211.9,110.5,216.3,115.9,215.8,62,180.7,131.7,181.7,134.5,180.4,147.6,172.9,145.5,200.3,144,159.6,131.8,207.5,87.2,148,130.5,155.2,60.7,132
086,89.3,97.6,147,89,134.3,115.1,60.6,118.2,147.7,143.9,150.3,183.8,150.8,200.4,144.3,206.5,149,204.4,79.3,174,152.6,167.2,153.8,167.6,166.1,153,166.8,178.2,158.9,142.3,163.7,192,105,138.4,149.4,138.5,76.6,131.4
087,81.9,104.6,144.3,95,132.5,122.4,60.9,119.6,139.5,155.4,132.7,189.6,134.2,204.8,127.4,211.7,132.7,209.2,66.4,176,140.5,173.8,144.8,177.8,158.7,167.3,149.7,192.5,153.7,153,144.3,207,98.2,145.8,142.2,148.6,64.4,138.7
088,73,110.8,128.9,99.8,123.6,123.6,57.5,126.6,133.3,147.4,127,178.7,126.6,188.2,121,193,124.9,191.4,73,164.1,134.7,164.8,133.5,164.7,148.1,153.6,143,179.6,142.7,144.2,135.7,190,94.5,143,135.3,142.6,67,136.9
089,76.5,103.7,139.1,97.1,127.2,123,54.9,123.4,138,151.1,149.1,189.8,150,200.6,142.4,207.5,147.9,205,78.8,182.9,151.3,172,141.5,171.3,153.6,159.2,160.3,183.2,150.7,148.4,160.5,201,94.3,145.1,140.9,148,61.4,136
090,78,98.6,134.2,92.6,123.5,118,58.2,121.2,128.5,146.6,120.5,181.4,118.7,192.8,111.3,198.2,115.9,196.3,60.1,165.7,131.9,167.4,134.2,168.7,147.1,156.4,142,181.8,142.4,146.2,131.5,192.9,92.6,138.3,131,141.7,61,139.2
091,82.5,103.6,140.7,104.6,129.3,130.2,56.7,120.6,131.4,157.7,135.7,199.6,135.1,209.7,129.9,216,133.5,213.4,75.9,174.3,143.4,181.4,138.5,177.4,154,169.2,155.5,185.8,148.5,156.9,149.9,202.4,95.2,146.4,139.5,153.4,67,135.1
092,75.6,88.8,133.6,81.7,127.5,103.6,57.6,113.6,142.2,139.7,143.5,181.2,143.3,195.8,137.1,203.4,141.7,200.6,76.6,172.6,151.6,162.3,152,158.1,161.1,146.8,161.5,173.1,151.3,134.3,154.3,191.6,99.1,132.4,141.3,127.6,64,127.3
093,78,99.4,136.8,94.4,126.9,115.9,56.4,117.3,137.1,144,134.7,178.8,132.8,191,124.1,197.4,129.7,196,66.2,171.8,143.2,162.2,145.2,163.2,156.3,151.2,153.6,177.9,149.1,140.8,145.4,193.6,98.5,138.8,143.6,136.8,64.2,130.6
094,78.2,91.4,137.4,88.1,127,112.9,56.8,113.5,134.8,147.9,140.6,188.8,143.7,201.4,138.1,208,142.2,205.6,68.8,175.3,144.9,167.9,141.7,167.1,154.5,157.4,158.7,178.5,147.3,146.2,152.3,199.7,92.8,137.4,136.9,141.9,63.8,124.8
095,80.9,99.8,142.8,106,129.9,127.1,54.5,117.6,137.7,159.7,142,196.8,140,209.8,132.6,215.4,137.5,213.8,71.6,175.7,148.1,178,142.7,181.3,155.7,169,160,191.2,149.9,158.3,154.7,209.9,95.2,145.5,139.9,156.2,63.3,127.8
096,74,101.5,130.8,93.1,120.7,122.1,55,119.8,130.1,150.9,125.5,187.5,125.7,199.8,119.3,207.2,124,204.6,66.8,178.3,133.7,170.6,135.5,171,148.8,161.2,145.3,186.5,145.3,148.5,136.6,201.4,90.3,143.1,134,146,59.8,133.5
097,82.2,105.4,142.1,95,134.1,123.7,60.6,122.6,148.9,150.3,145.8,189.4,145.3,200.8,138.5,207.2,143.5,205,74.7,185.6,157,171.2,159.3,172.4,170.9,158,165.5,185,164.2,147.2,157.3,200.5,107,144.8,151.4,145.5,68.8,140.1
098,77.7,100.5,133.9,92.2,127.3,114.4,60.3,119.6,138.1,142.3,140.3,174.5,140.3,188,134.5,194.4,138.7,192.2,70.4,173.4,144.5,158.6,148.3,162,156.3,153.7,154.3,173.5,148.8,140.2,149.7,188.5,99.7,138.4,140.7,137.8,67.2,132.6
099,80,98.8,131.3,86.7,125.3,114.1,60.2,119.1,134.3,144,138.7,180.8,140.1,189.6,135.7,195.4,139.3,193.1,79.7,162.8,140.5,161,138.3,161.8,152.1,149.6,154.2,166,145.5,138.6,149.2,184.9,98.3,135.2,137.6,136.5,70.2,125.8
100,87.8,108.3,146.7,105.3,131.7,131.4,64,119.2,137.7,161.7,126.7,192.4,127.7,207.4,123.4,212,126.6,210.2,68,171.2,140.8,176.6,145.4,181.7,155.1,174.8,145.9,194.1,152.1,161.8,139.1,210.6,101.6,151.2,139.2,156.1,70.7,136.2
101,85,93.3,146.9,87,131.8,113.9,59.7,111.3,141.3,144.6,133.6,180,135.7,195.8,128.5,202.4,134.1,199.7,72.2,167.6,142.5,163,145,166.7,159,153.6,152.9,174.8,150.9,141.6,147.4,193.1,98.7,136.4,149.3,136.9,66.2,129
102,79.3,106.9,141.6,99.6,131.1,126.4,57.7,121.6,141.9,155.2,132.6,192.4,132.6,203.4,125.7,210.5,131,208.2,68.6,182.6,142.4,171.2,150.8,177.4,161.6,169.5,154.5,189.6,156.4,155.6,143.5,204.7,96.7,149.5,145.7,149.7,63.4,138.6
103,87.2,99.8,143.7,96.1,133.7,120.6,58.6,113.2,137.6,144.8,131.9,183.6,130.8,195,123,200.7,128.5,199.8,68,174.4,143.7,168.9,143.6,168.6,157.5,157.6,152.3,182.2,152.1,147,142.3,194.7,100.9,138.3,141.1,139.6,64.4,127.4
104,86.3,100.3,151.5,97.4,134.7,122,61.5,118.4,146.9,151,139.5,191.6,139.8,203.6,134.1,212.2,139.3,208.4,76.2,179.4,150.3,171.7,154.5,173.5,166.7,163.1,162,187.5,161.7,151.8,152.5,204,106.3,146.6,149.4,145.8,67.7,133.2
105,78.4,113.6,132.9,110.2,123.3,130.6,57.8,127.4,130.9,150.9,124.7,179.2,122.7,187.1,116.1,192,120.4,190,72.7,167.8,128.3,167.3,129.4,167,141.8,159.4,138.5,171.2,140.1,148.9,132.3,182.5,95.8,144.2,134.9,145.8,65.2,135.7
106,87.4,96.3,149.8,91.1,136.3,117.8,63.6,111.8,144.3,147.7,150.5,192.2,152.1,202.7,143.2,211.4,149.6,209.1,78,177.1,151.7,171.4,150.3,168.6,165.5,160.8,165.7,181.3,159.6,149.4,163.5,201.6,105.9,140.5,146.3,144.2,73.7,132.5
107,80.3,103.2,139,91.8,129.7,118.2,63.6,120.8,138.3,147,131.4,183.1,137.3,197.4,131.8,204.2,136.7,202.1,70.4,183.3,137.8,161.7,145.9,168.6,157.5,155.7,150,178.3,148.7,145.4,145.4,194.7,98.9,146.2,140,140.6,70.5,138.8
108,79.8,102.3,139.5,91.4,134.7,115.4,61.6,120.6,145.1,145.8,140.5,182.7,140.4,196.2,133.4,203,139.1,200.5,74.3,178.3,148.7,163,153,166.7,163.8,154.3,159.7,178.4,157.9,142.3,153,188.1,101.7,142.4,147.5,139.7,66.3,137.5
109,83.5,113.8,136.9,111.4,127.6,135,64.3,125.6,132.1,156.9,123.9,191,121.5,201,115.7,205.2,120,204,74.6,169.1,133.9,176.6,135.4,177.2,146.1,165,142.5,189.6,140.7,155,134.4,202.2,99,148.8,137.7,150.4,72.7,136.7
110,85.3,106.8,143.5,99.7,133.7,122.3,61.2,126.5,141.7,153.2,146.3,190.7,150.8,204.6,145.8,211.4,149.9,209.1,83.8,183.3,147.9,173.2,149.7,172.8,159.4,165.3,159.9,180.1,154.6,150.9,159.8,200.7,100.6,148.7,145.6,146.1,69.6,137.6
111,75,102,129.7,99,121.5,122.3,54.6,115.8,128.1,150.6,132.1,188.8,133.3,201.8,127.3,207.6,131.3,205.9,69.1,165.4,137.9,170.7,135.5,169.1,143.9,160.4,146.8,181.4,139.2,148.8,143.7,198.5,92.5,142.2,130.9,146.6,61.8,128.6
112,83.8,104,144.8,96.9,134.7,121.3,65.6,119,141.1,150.8,140.3,187,140.5,198,134.4,204.6,138.6,202.2,80,168.8,147.4,170.6,153.3,168.1,160.4,154.6,161.3,176,153.1,144.4,151.5,196.9,101.4,144.6,138.6,145,72.7,131.8
113,83.6,105.5,141,96.8,131.2,120.9,61.2,114.5,145.1,146.8,137.7,179,135.4,191.2,129.2,196.6,133.4,195,75.8,167.8,145.7,163.2,148.7,165.3,159.1,156.4,155.3,177.2,154.6,144,149.1,191.8,101,138.5,148.8,141.1,71,129.8
114,81.4,103.5,139.3,105.9,127.4,131.5,60.9,118.9,130,158.9,136,200.3,136.9,213.7,132.2,218.5,135.4,217.1,76.8,174.1,144,181.2,132,180.5,149.2,169.4,157.3,195.8,143.2,160.7,148.4,208.3,95.4,146.8,135.3,155.5,70.2,129.5
115,82.2,104.6,138.5,101.6,129.5,123.3,58,123.3,137.9,153.8,138.3,189.8,137.3,200.5,130.5,206.6,136,204.2,70.3,174.6,140.1,170.6,143.8,173,155.5,162.2,154.2,182.4,149.9,150.8,148.8,196.5,97.5,145,139.3,148.5,66.2,136
116,80.2,100.2,139.5,88.8,130,117,61,119,144.7,146.8,152,187.2,154.1,200.4,146.4,206,152.8,204.6,77.2,174.5,156.6,163.6,154.8,165.1,166.9,155.3,170.7,180.6,159.9,145,165.3,199.3,101.7,139.6,147.1,143.5,68,129.8
117,73.6,100.2,135.6,89.4,126.7,116,57.3,117.5,140.1,141,136,181.3,134.7,196.9,128.2,202.2,133.4,200.2,70.5,167.5,143.8,162.9,148.5,165.6,159,157.4,153.8,176.1,150.9,141,147.5,194.8,96.5,141.5,139.3,135.7,65.8,130.2
118,85.6,112.3,144.4,108.3,131.6,130,61.6,126.2,134.6,160.3,122.4,196.2,118.1,207.4,112,211.4,115.9,210.1,62,173,136.5,183.4,139.1,184.2,152.8,175.9,142.5,197.2,150.6,163,127.8,207.5,98.3,151.6,137.7,156.1,67.8,139.4
119,82.4,102.2,137.3,97.2,128.1,124,62.6,121,131.5,152.4,129.8,189,130.6,201.2,126.1,207.2,129.7,204.5,74,171.1,136.4,173.2,136,171.4,150.1,163,148.9,184,143.4,152.7,142,199,99.6,142.9,136.2,146.8,70.3,132.5
120,87.8,105.5,149,100.2,137.5,124.5,64.2,119.9,150.8,151.5,144.1,189.4,142.3,200.3,136.2,207,140.1,204.6,76.9,182,154.1,172.2,154.5,173.2,169.7,162.2,163.2,189.1,163.9,149.1,154.4,203,104.9,143.3,153.6,147.7,72.7,134.4
121,84.4,111.8,139.6,112.6,128.1,135.7,58.8,125.3,131.5,162,131.5,204.6,130.7,213.8,123.9,220,128.4,217.9,71.2,179.8,138.7,183.5,135.3,185.4,151.1,175.3,147.9,199.8,144.1,164.6,142.2,214.6,95.1,153.8,135.1,158.9,65.8,136.1
122,71.2,108,128.9,108.8,116.3,130,50.2,120.3,122.3,154.3,114.6,188.5,112.9,197.6,107.4,202.3,110.7,200.7,55.2,169.7,126,172.8,128.3,175,138.6,160.6,129.8,190.1,131.6,153,121.1,198.1,83.7,146.1,125.9,148.5,58.2,132.8
123,77.7,106.6,138.1,101.1,127.7,123.9,57.6,120.2,133.7,151.3,129.8,186.8,129.6,201.4,123.3,208,128,205.7,67.6,175,136.7,173.2,138.7,174,151.3,166.5,146.7,187,145.6,151.8,143,204.9,95.5,143.5,136.7,147.7,62,134
124,85.3,101.5,143.5,100.6,131.7,121.6,60.1,114.7,139,154.9,139.3,192.2,138.1,203.8,131.6,211.2,135.9,208.4,76.3,173.8,146.6,174,141.3,175.6,152.8,163.9,154.8,179,152.4,153.3,146.9,199.3,96.6,144.1,141.1,148.2,70.1,132.3
125,80.2,100.2,135.7,91.9,127.3,114.6,60.8,118.9,139.5,143.8,132.7,180.3,131.5,193.8,125.7,199.8,130,198,73.7,167.8,144.7,164.2,147.1,166.3,157,151.8,150.9,179.8,149.9,142.2,142.3,189.4,98.5,139.2,141.8,138.5,67.8,132.4
126,79.3,106.2,136.1,104.3,128.4,127.2,57.8,122.4,139.4,156.8,144.7,192.8,146.8,204.4,141.6,210,145.1,208.1,72.8,181.5,148.2,176.1,147.9,175.6,158.2,167.3,159.7,188.1,153.6,155.7,155.9,202.4,95.2,148,142.1,152.2,64,134.2
127,84.2,102.1,140.4,91.7,134.5,116.7,66.9,124.9,142.9,144.4,141.3,183,142,196,135.6,201.7,140.3,200.1,81.5,166.3,148.8,167.2,150.5,164.8,160,154.4,157.5,180.2,152.9,144.5,152.6,195.5,105.2,139.1,145.4,139.9,77.2,130.7
128,76,95.4,130.5,86.6,121.7,109.9,57.4,114,131.1,135.6,129.4,168,130.9,179.8,124.7,187.6,129.2,184.3,66.2,162.4,135.5,153.6,139.1,155.6,150.5,145,146.9,168.2,144.1,133.8,142.7,184.7,94,132.3,137.7,130.8,63.2,122.1
129,83.3,113.4,139.8,100.6,132.2,124.8,62.8,124.4,139.3,153,136.9,189,135.8,198.4,129.9,205.2,134.1,202.7,75.7,176.8,145,171.6,148.3,170.8,158.1,167.7,155.7,183,152.9,152.2,148.8,198.2,101.5,148.1,139.7,150,67.2,137.1
130,82.5,100.4,143.5,88.5,132.5,116.4,62.9,112.6,143.8,150.9,149.6,188.7,151.8,200.4,146.1,207.8,150.3,204.9,77.8,172.3,150.4,168.4,149.1,168.4,161.5,153.6,165.9,180.8,156.3,147.3,160.7,196.2,100.9,141.4,145.6,146.5,70.8,126.8
131,81.3,94.9,136.6,97.5,125.1,119.4,57.9,113.4,129.3,143.6,125.7,177,125.7,185.4,119,190.7,123.9,188.2,68,160.5,131.7,161.8,131.7,160.5,141.7,150.5,139.7,172.4,135.9,142.2,133.4,187.2,95.1,135.1,132.4,139.9,63.6,125.4
132,81.4,106.6,139.2,102.6,130.7,125,60,123.8,138,150.4,134.8,185.4,134.5,196.8,127.5,202.8,131.9,201.2,70.1,171.4,143.9,168.2,146.3,170.7,156.7,159.4,150.3,186,148.9,150.4,145.4,196.1,98.6,147,139.5,145.9,65.7,134.9
133,75,92.4,130.7,73.4,126.2,101.5,58.8,111.6,135.5,127.4,129.7,165.4,128.5,176.6,123.3,182.5,126.9,180.6,73.8,152.6,137.6,146.4,145.3,151.2,156.5,136.5,147.9,163.4,149.4,124.8,140.9,177.3,100.1,127.4,137.4,122.7,69.3,121.3
134,71.4,97.6,127.6,87.2,122.5,108,52.8,115.4,132.4,135,125.5,167.9,123.9,178.3,118.4,184.4,122.3,181.8,64.8,158.9,133.9,150.5,142,154.9,149.3,139.2,144.9,166.4,141.9,132.2,135.7,178,92.7,131.8,134.3,129.4,60.1,125.4
135,82.5,111.7,138.4,108.1,131.3,132.7,63,123.8,136.2,159.6,145.1,193.5,147.8,203.2,141.4,210,146.3,207.8,79.4,177.9,144.8,176.6,144.3,176.3,153.7,164.3,157.7,183,147,157.4,157,204.5,98.1,151.9,139.4,156.8,68.6,135.9
136,77,97.1,138.7,82.8,132.3,109,56.1,114.1,141.2,139.2,139.6,181.4,141,199.6,134.2,205.5,138.9,203.8,73.7,170.7,145,160.7,150.6,164,162.7,150.2,159.3,178.2,158.9,137.8,150.5,197.2,100.3,137.2,144.3,134.2,66.2,128.6
137,84.2,105.8,147.3,96,137.1,124.9,57.9,123.7,155,153.4,152.9,192,152.4,207,145.1,214.4,150.6,211.8,80.4,190.2,160.6,173.6,164.6,174.1,173.4,162,172.3,184.3,166.2,148,163.5,204.9,107.1,149.2,155.6,146,64.6,139.4
138,79.6,92.4,135.2,94.8,123.9,118.4,64,108.6,124.8,145.4,127.6,189.2,128.9,200.2,123.4,205.9,127.8,203.7,73.1,172.1,134.3,168.7,128.4,172.2,144.1,161.3,146.5,183,137.1,149.6,139.6,200.7,90.3,137.7,128.7,140.4,67.2,125
139,92.3,103.1,154.1,105.4,140.2,129.8,64.8,120.3,143.7,162.6,131.6,201.9,129.8,215.4,120.4,221.2,127.6,220.7,67.2,175.2,143.5,183.9,145.1,185.7,160.1,180.5,152.6,204.4,156.5,164.5,142.6,217,102.9,149.6,146.5,157.4,70.4,133.7
140,78.6,99.8,133.7,90.2,125.1,116.7,59,116.7,128.9,143.1,127.7,179.3,128.5,190.8,123.3,196.2,127.1,194.2,68.1,166,137.1,162.2,139.5,164,150.9,152,148.2,177,146.1,141.4,137.5,192.2,97.2,138,132.1,138.3,66.6,129.1
141,88.4,107.3,144.4,107.6,130.6,133.3,64.1,121.7,135.7,161.1,132.4,193.5,132.1,203.5,125.3,208.8,129.6,207.5,63.9,179.1,136.7,177.1,139,179.5,152,169.2,148,189.5,148.3,159.7,143.8,204.2,98.6,151.4,138.3,157.3,67.3,135.5
142,80.4,97.9,138.1,94.1,125.4,117.8,60,116.3,133.2,141.2,129.2,174.4,128.6,184.6,122.3,190,125.8,188.9,68,174.3,134.4,158.3,139.7,161,148.2,149.9,143,173,145.6,139.9,139,185.7,95.2,136.5,135.5,137.3,64,126.6
143,78.6,95.7,135.9,92.3,125.3,116.9,60.5,113,136.5,146.2,140.1,180.1,143.6,194.9,138.4,201.2,142.7,198.9,72.7,169.2,140.3,163.8,142.3,165.2,153.5,154.2,155.5,174,148.9,144.6,156.5,194.6,97.1,136.2,138.4,142.2,67.1,126.7
144,83.1,98.9,144.1,94,132.1,120,55,117.1,140.3,154.1,140.5,191.4,141.4,205.8,134.5,213.3,139.5,210.6,69,180.8,143.1,171.6,145,172.7,157.7,163.6,158.2,184.4,153.1,151.3,152.6,206.6,95.9,146.4,142.5,148.4,68.4,131.7
145,77.6,106.4,133.1,92.2,127.1,119.4,61.3,119.8,132.3,147.4,142.3,186.8,146.9,198.4,142.1,205,145.5,202.2,83.2,172.2,139.8,169.9,139.3,169.3,149.8,156.8,152.9,174.4,143.5,148.2,154.3,195.6,98.7,145,133.8,143.1,71.1,130.4
146,83.7,108.7,143.1,110.7,133.9,137.7,57.2,119.2,134.3,165.3,122.1,202.8,118.8,213.7,110.9,220.2,116,218.1,56.3,188.8,134.9,185.7,137.9,190.4,152.1,181.1,142.9,201.9,148.3,167.4,132.1,211.8,92.3,153.4,135.4,161.2,61.5,136.1
147,77.1,100.4,134.2,99.6,125.3,121.4,57,119.2,131,152.7,126,188.9,124.1,197.7,118.2,202.9,122.3,201.1,66.3,168.9,133.7,172.4,135.3,172.4,150.1,161.5,144.5,186.2,144,151.1,137.3,197.2,93.7,143,133.7,147.9,64.9,130.4
148,75.8,102,132.6,97.5,125.7,119.5,54.5,117.2,133.2,149.4,123,190.9,120.2,200.8,113,205.8,117.7,204,63.3,173.4,131.6,171.6,134,173.8,150.7,160.1,142.6,185.4,143.4,149.6,135,200.3,91.5,142.8,134.5,145.4,61.2,132.2
149,80.2,102.9,140.9,93.4,131,118.1,61.6,124,146.5,146.7,142.3,179.4,142.8,189.8,135.8,198.6,140.9,195.1,77.2,176.4,148.7,161.6,152.9,165.8,164,156.8,157.6,181.8,158.6,144.4,149.7,195.8,99.6,143.6,148.3,143.1,66.6,134.3
150,75.9,96.9,135.3,87.5,124.1,111.7,55.7,108.4,133,139.1,123.2,171.1,119.6,182.5,113.5,188,117.6,186.2,62.9,147.6,132.4,159.3,137.4,160.2,148.2,150.1,141.7,170.2,144.3,138.2,131.3,183.4,91,130.4,134.7,134.4,65.4,120.4
151,85.6,102.9,142.4,105.1,130.2,128.1,60.6,116.9,137.1,156.5,129,191.8,126.6,203.9,122.8,207.2,125.4,206.3,68,168.9,136.5,175.2,137.8,175.9,152,167.9,144.4,188.1,147.4,155.9,138.6,204.6,97,144.3,139.7,151.4,66.2,130.7
152,76.9,100.9,133,93.4,124.5,118,57.8,114.7,130.1,148.3,116.9,187.3,113.5,198.1,106.9,202.1,111,201.6,59.7,167.4,136.5,172.5,138.5,172.3,147,162.9,139.4,187,140.9,148.7,121.3,200.4,95.2,138.4,129.3,140.4,64.9,125.8
153,85.7,108.4,139.1,95.8,133.9,117.5,65.4,127.9,145.2,150.4,140,182.4,145,196.4,139.2,201,143.2,199.7,77.7,175.6,145.3,164.3,150,169.8,158.5,159.1,157.3,176.9,153,147.5,155.9,194.3,106,147.3,144,144.2,71.9,143.1
154,83.4,108.3,140.3,103.1,130.9,126.8,58.4,123.7,137.5,158.6,121.2,195.8,116.9,206.6,109,209.7,113.9,209.4,61.9,168.5,137.5,177.3,140,180.9,153,169.6,139.4,198.7,148.4,160.4,126.4,210.7,97.5,147.9,139.4,154.9,65.8,135.5
155,73.6,103.7,134.1,92.6,122.7,117.4,57.6,115.5,131.2,143.4,126.4,181.8,126.7,194,120.6,197.4,124.8,196.8,66.9,165.3,131.6,162.8,136.1,165.5,146.6,149.5,143.2,175.8,142.7,142.3,135.4,191.9,91.2,137,133.3,138.8,65.7,126.7
156,84.5,107.3,148.7,101.9,134.1,125.5,63.4,126.5,136.5,157.4,129.7,195.8,128.7,208.8,121.2,213.5,126.6,212.5,63.5,179,136.6,178.8,134.5,179.1,152.4,168.7,147.2,191.2,148,157.6,139.3,206.6,100.3,149.9,137.3,151.6,69.8,141.6
157,77.4,98.8,133.7,93.2,123.9,117.2,57.2,112.2,127.9,147.9,129.7,182.1,130.6,196.2,124.1,201.4,128.8,200,67.3,164.9,135.3,167.6,132.2,166.7,141.8,154.2,142.4,178.6,136.4,145.8,140.1,194.2,93.7,140.4,129.7,143.1,63.7,121.6
158,82,94.5,142,86.1,135.1,109.8,63,118.2,148.2,138.9,144.8,176.9,143.5,189.7,137.3,195.8,141.3,193.3,76.1,171.3,153.4,157.3,154.5,157.6,166.1,147,161.5,178.4,161,134.3,153.6,190.7,105.2,133.5,147.2,131.1,68.4,129.8
159,79.7,91.1,136.2,85.2,127.5,106.7,60.9,112.4,139.2,133.7,135.4,170.2,136.3,184.2,130.3,188.9,134.1,187.7,67.5,162.2,140.5,154,144.5,155.9,152.8,144,149.5,164.9,148.5,132.1,147.2,182.1,97.2,133.7,139.4,128.2,67.3,124.5
160,88.8,104.9,148.4,101.9,139.3,126.7,58.9,123.3,144.2,160.3,156.9,200.1,159.3,213.5,151.2,221,157.1,218.8,81.8,178.8,156.1,180.7,150,180.7,164.2,168.6,171.4,190.1,157.8,159.4,170.7,214.7,101.7,152.5,146.1,154.8,70.9,136
161,81.3,106.6,134.4,98.8,126.3,123.1,63.7,122.2,131.8,150.6,130.3,184.8,132.1,196.1,127.8,199.5,130.7,198.8,73.6,172.1,134.5,169.1,136.6,168.1,148.7,156.4,148.4,179.4,142.1,148.5,142.6,199.7,96,142,132.8,145.2,71.9,129.7
162,82.3,102.5,138.7,98.2,134.6,119.6,57.1,119.9,144.9,153.6,149.7,197,148.9,212.1,140.2,217.3,145.9,216.1,76.3,183.5,155,176.8,153.7,177.9,165.5,162.9,167.4,189.9,157.1,150.9,160.4,210.2,102.3,146.2,145.7,146.3,67.4,132.1
163,80.6,105.4,142,103.2,133.1,122.1,60,125.3,136.4,154,137.1,191.9,137,203.9,130.7,208.4,135.1,207.2,73.3,182.8,146,171.2,142.9,173.8,157.2,166.9,158.9,183.7,150.6,153.2,150.7,199.1,97.2,144.1,137.6,149.5,64.7,136.4
164,74.2,103.4,131.5,93.1,122.5,118,52.8,114.7,130.6,148.8,123,186.8,120.6,200.1,111.5,203,117.6,203,63.7,166.4,132.4,167,136.9,170.7,146.7,157.5,140.7,185.1,142.2,148.5,132.1,196.7,92.7,141.6,131.5,144.9,63.9,129.4
165,68.5,105.8,123,98,114.9,122.4,50,122.2,121.9,146.4,122.1,178.7,119.9,189.2,114.6,191.9,118.3,191,62.2,162.1,128.2,162.4,125.9,163.7,136.4,152.1,136.7,175.4,132.6,144.3,130,187.7,86.3,138.8,123,142.3,59.5,128.5
166,85.1,109.5,147.8,106.2,131,127.1,60.3,120.1,135.4,161.8,136,191.3,137.8,203.5,131.8,209,136.1,207,68,183.1,136.8,176.3,136.1,176.1,150.1,170.1,148.5,188,146.6,162.2,148.1,205.5,95.4,149.7,138.7,157.6,66.5,136.8
167,80.1,109.6,144.4,103.1,133.7,126.2,61.9,124.6,141,158.6,127.8,198,120.8,212.2,113.6,214,117.5,214.1,66.6,177.6,144.2,181.4,146.5,181,158.4,170,149.3,195.7,155,159,136.2,211.2,101,148.6,143.6,153.1,68.4,137.9
168,87.1,105.2,147.5,90,136.9,117.3,66.7,125.6,149.5,146.9,146.6,187.9,148.6,203.5,141.8,208.1,145.9,207.3,80.2,181.5,156.3,166.7,161.5,169.4,168.6,158.9,167.1,180.4,163,146.6,161.7,200.3,106.9,142.2,149.9,141.6,75,136.7
169,81.8,107.2,146.8,108.8,132.9,134.7,54,121.7,135,165,128.7,205.5,124.7,219.3,117.4,222.5,121.8,222.1,66.4,182.2,136.6,185.2,138.1,184.9,152.3,178.2,146.9,203.6,149.3,167.9,137.5,217.3,96.3,150.5,134.5,156.8,62.1,135.5
170,71.5,102.3,129.2,84.3,125.4,110.1,56.7,123.4,137.8,141.8,128,187,125.7,199.4,116,204.2,120.6,204,68.8,174.3,141.4,162.2,145.3,165.3,154,155.3,147.1,182.2,148.6,139.4,138.3,198.9,97.3,138.6,137.9,134.3,66.4,131.3
171,91.5,111.5,151.8,97.9,140.8,124.8,63.3,125.9,152.4,154.9,157.1,190.9,160.1,203.7,151.3,210.5,156.7,208.5,81.3,189.4,157.4,172.9,158.4,173,173,162.8,174.5,181.6,165.1,152.8,171.1,202.2,108.8,150.4,153.9,150.1,72.6,143.7
172,84.2,95.9,145.3,101.3,131.7,127.3,60.9,115.2,131.5,158.5,130.4,202.1,128.9,219,122.2,223.7,126.2,222.9,72.1,175.7,141.9,183.7,133.6,183.5,147.9,174.4,148,203,148.4,162.8,139.1,218.8,94.2,145.8,134.9,154.2,71.3,126.6
173,83,99.4,143.9,95.1,132.3,119.8,57.7,116.7,140,154.3,140,192.5,141.1,207,135.1,212.9,139.3,210.5,70.1,181,143.3,171.5,145.3,172.7,156.6,162.5,157.1,184.9,152.3,151.7,152.3,207.3,95.5,146.1,142.3,148.1,66.4,133.6
174,81.6,106.1,140.6,86.3,131.2,116.7,58.1,122.8,148.1,146.5,139.6,181,142.7,196.4,137.3,202.1,141.5,200.2,79.1,179.3,150.9,159.3,159.3,165.9,166.7,150.5,158.5,180.5,160.1,141.4,151.3,196,101.8,143.7,149.9,140.7,66.2,138.9
175,82.1,101.6,139.8,94.8,126,123,56.1,117.9,129.5,155.3,136.4,199.1,134.6,213.7,126.6,217.9,132.1,216.7,70.4,179.1,145.4,182.2,135.8,175.2,151.9,166.7,155.8,192.8,147.3,156.5,145.7,211.4,95.4,142.5,133,149,63.2,129.2
176,77.4,106.1,134.6,93.6,126.9,122.2,60.3,123.2,137.7,147.2,146.7,181.3,150.9,194.6,146.9,199.1,149.8,197.3,84.5,169.4,148.3,165.2,142.9,165.3,155.8,153.1,161.5,171.9,149.9,146.1,161,192.7,99,142.1,137.3,142.5,69.8,132
177,81.2,101.9,139.1,81.3,134.1,109.1,60.6,123.4,148.1,139.4,147.6,180.1,145.8,193.2,138.9,198.9,143.1,197.6,78.2,173.7,156.6,162.2,158.3,161.5,166.9,145.7,165.9,173.1,161.5,136.1,156.3,193.1,105.9,138.2,152.4,132.4,69.1,134.1
178,80.9,105.9,136.3,94.6,126.7,119.9,57.3,124.1,135,145.5,138.4,190.3,140.6,204.6,135,209.3,138.7,208,74.4,171.1,142.7,170.7,140,169.3,149.9,157.6,153.6,176.7,143.8,147.3,152,197.7,97.5,144.5,136.3,140.4,67.9,133.9
179,101.8,106.7,157.7,96.9,149.6,120.7,80,125.4,159.7,149.1,160.2,186.1,162.4,202.2,157.2,207.3,161.1,205.2,93.9,174,165.2,171,164.2,169.6,172.7,157.3,175.8,179.3,168.1,147.3,174.3,199.5,120.1,145.2,161.2,141.3,88.2,135.4
180,90.2,97.6,144.5,89.3,131.2,112.2,70.4,121.4,143.3,144.7,144.8,184,146.3,199.6,139.8,205.3,144.3,203.6,75.5,172.8,151.5,168,152.2,168,162.5,153.4,162.1,181.3,154.6,144.3,158.4,200,104.8,142.4,147.3,138.8,75.8,130.3
181,68.2,111,138.7,95.8,131.5,121,59.8,125.2,140.9,147.9,132.4,178.3,131.3,191.3,125.4,193.4,129.1,193.4,72.3,168.7,140.9,163.8,148.1,165.8,156.1,153.8,149,179.9,152.1,146.1,144.1,188.5,99.9,143.6,142.5,143.5,67.6,135.5
182,67.7,99.7,126.4,86.3,119.8,109.9,54.3,119.1,136.3,142.2,128.1,181.9,128.4,197.1,122.4,200.3,126.2,200,73,171.9,141.7,164.8,145.7,164.6,156,149.4,149.9,181.6,149,139.3,138.4,195.1,91.8,139.9,136.1,136.9,61.3,129.6
183,86.4,106.7,143.7,101.9,134.5,125,64.7,123.6,141,154.1,135.7,188.2,133.5,200.8,125.8,204.7,130.7,204.3,70.9,172.3,145.2,172.5,147.5,174.7,156.3,160.6,153,189.1,151.8,152.8,145,200.4,100.2,147.3,142.7,147.6,71.6,135.5
184,82.4,103.3,140,98.2,130,122.8,60.6,120.3,138.6,156.7,121.2,191.4,112.9,204.6,104.8,206.1,109.4,207.1,69.3,164.9,140,179.8,141.6,181.7,152.4,169.4,143.6,193.7,147,154.6,127.8,203.7,94.4,144.3,139.8,149.1,69.2,127.6
185,78.2,101.3,136.1,101.3,126.3,127.9,59.3,119.7,133.6,149.7,131.2,187.8,131.9,197.2,127.5,201.9,130.3,200.4,69,171,137.3,170.6,138.2,170.4,149.2,159.1,146.5,186.5,141.6,150.5,144.7,200.1,93.5,141.3,136.4,144.9,66.7,128.7
186,79.7,107.7,141.1,99.1,127.2,124.3,62,120.2,136,155.5,129.7,185.5,127.8,196.4,122.6,200.7,126.1,199.5,71.7,168.5,137.4,169.7,142.7,174.4,150.9,162.8,144.2,184.8,147.1,153.6,137.2,196.8,97.6,144.6,137.1,151.3,68.2,132
187,73.5,102.4,141.8,94.1,127.6,122.9,51.2,122.5,139.8,155.2,140.4,199,140.8,211.3,132.9,217.6,138.3,216.1,66.2,188.5,142,177.2,142.7,176.7,156.9,166.5,157,188,151.5,154.5,153.7,211.4,94.9,147.9,143.3,147,56.4,136.9
188,77.9,103.4,130.8,100.4,121.2,124.9,56.7,117.9,127.6,157.3,118.4,193.7,115.8,207.2,109.8,209.7,113.3,209.8,67.2,168.2,129.4,177.7,129,177.4,140.9,165.6,136.3,189.4,137.8,158.6,127.3,203.7,92,144.8,128.3,150,63.6,129.1
189,76.5,109.3,129.7,99.1,119.2,124.3,60.9,127,128.9,149.5,124.2,181,121.4,191.6,116.4,194.7,119.6,194.2,76.4,165.4,132.7,166,134.5,167,144.8,155.7,141.2,178.4,141.2,147,133.9,190.6,94.2,142.5,131.2,144,69.6,134
190,72.5,107.6,124.7,95,117.2,119.8,57.7,127.4,129,144.1,124.8,178.1,123.2,188.6,117.9,190.7,121.2,190.8,75.2,163,132.7,161.2,134.5,161.6,143.9,150.4,142.1,172.1,139.4,141.7,135.9,185.6,94.2,139.1,129.3,139.7,67,133.6
191,76,110.2,131.5,104,121.4,127.8,55.1,124.1,125.4,154.9,127.6,187.2,128.2,195.8,122.6,199.8,126.3,198.6,72.9,168.7,130.8,170.7,130,170.3,140.5,161,141.5,178.5,136.2,153.7,138.6,195.2,91.7,146.2,130,150.1,65.5,135
192,78.5,108.5,141.2,100.5,131.7,124,57.9,125.8,143.9,154.5,139.2,192.4,140,205.8,133.2,210.7,137.6,209.3,70.6,186.4,145.7,172.4,148.8,175.4,160.4,164.6,157.2,183.6,155.6,153.1,152.8,200.1,99.4,148.8,146.6,148.6,64.4,137
193,73.8,109.7,128.7,93.7,121.2,121.2,55.4,127.7,132.9,150.8,128.1,183.7,130,196.1,123.9,200.5,128.3,199.6,68.7,169.9,133.5,168.8,138.3,169.3,146.1,154.4,143.5,178.9,142,146.9,138.7,194.9,94.6,148,134.3,144.8,64.5,139.6
194,73.1,96.7,124.3,91.3,115.3,110.1,47.8,118.5,131.4,130.7,127.6,168.2,127.4,182,119.9,187.7,124.7,186.7,70.3,162.9,133.4,150.1,139.5,147.5,145.9,131,143.7,161.9,137.3,126.4,136,179,89.7,126.5,130.3,125.7,59.8,127.1
195,84.8,104.2,148.8,92.2,138.3,122.3,63.3,123.9,151.5,155.7,144.4,191,144.6,208.5,136.1,214.2,141.5,213.1,73.7,182.4,148.9,173.9,152.4,179.8,166.9,166.6,160.5,189.4,162.3,154.4,155.5,207.5,105.2,148.1,152.7,149.5,70.9,140
196,87,107.1,147.5,97.6,135.7,122.7,64.7,125.9,148.1,154.6,137.5,194,134.8,207.5,128.4,210.4,132.9,210.9,74,185,151.6,174.2,158.5,176.9,168.6,162.2,160,188.1,164.3,150.4,149.2,206.4,106.3,147.7,150.2,146.7,73.1,144.3
197,87.6,113.2,152.3,111,136.2,134.7,66.8,128.2,143,171,153.4,206.7,156.4,223.5,148.6,229.8,153.9,227.6,85.2,191.9,158.7,190.9,151.1,187.9,164.2,181,171,200.9,158.2,168.8,166.3,219.9,105,158.3,145.6,163.7,74.9,144.5
198,77.6,107.2,137.1,91.3,127.8,116.6,59.7,120.6,140.7,148.8,137.1,180,136.9,191.6,130.6,196.4,135.4,194.3,73.6,169.7,142.6,162.7,147.6,167.1,154.4,158.9,149.8,176,149,145.5,147.8,192.4,97.4,139.6,141.8,140.7,64.4,135.8
199,82.1,102.5,135.8,99.4,128.7,124.5,61.2,119.3,135,153.9,128.7,190.8,126.6,205.2,120.6,208.6,124.4,207.9,68.9,174.3,138.5,174.3,140.7,173.9,149.2,166.9,145.7,185.8,146.6,155.1,137.9,206.1,98.5,144,136.9,150.7,69.4,131.3
200,81,101.6,136.3,93.4,131,114.9,61.3,121.7,138.4,144.6,127.8,178.9,125.1,195.1,119.7,197.9,122.9,197.5,72.3,166.8,136.5,163.5,138.9,166.5,150.8,155.2,144.5,178.5,145.5,145.6,137.4,189.2,98.2,140.4,142.5,138.4,68.2,130.7
201,86.8,99.6,143.9,96.1,133.3,119.9,58.6,116.1,139.2,146.3,131.3,184.1,129.7,198,122.9,200.7,126.9,200.3,68.9,174.5,143.8,168.7,143.5,168.3,156.4,156.2,149.9,182.8,152.1,147.6,142,196.1,101.5,138.3,140.9,140.2,64.8,127.5
202,84.6,104.3,146.8,94,135.2,122.4,64.1,118.5,145,155.4,135,191.5,133.9,204.9,125,208.2,130.4,207.7,68.1,178.7,145.4,171.6,148.7,175.6,162.4,166.1,155.7,187.4,158.9,154.3,148.9,203,100.6,144.2,146.9,149.2,68.4,136.6
203,79.5,104.3,141.9,93.5,134,119.7,58.5,125,147.5,150.7,142.7,181.6,142.9,195.8,136.2,199.7,139.7,198.5,70.5,181.6,147.5,164.3,152,167.9,162.7,156.5,158.7,178.5,157.2,147.3,154.1,192.4,102.9,143.9,147.5,143.1,66.3,139.1
204,78.5,103.4,138.1,103.1,125.6,126.5,56.3,116.5,128.6,156.8,113,194.3,110.3,209.2,103.8,212.4,108,212.1,60.8,167.1,125.1,177.6,126.4,180.8,140.5,169.2,131.3,193.3,136.6,158.8,122.4,209.6,89.1,145.4,133.2,151.9,65,129.6
205,84.7,112.8,141.7,112.9,128.8,137.9,60.9,129.1,139.2,166.4,151.8,205.7,153.9,219.1,148.4,225.5,152.1,223.4,69.7,185.2,155.5,184.7,146.6,187.5,158.6,168.8,169.8,189.7,152.1,162.5,166,215.2,98.2,157,141.7,161.2,66.7,140.4
206,73.7,111.2,128.3,98.2,120.8,125,58.9,127.3,128.9,145.3,128.3,177.7,126.8,189.1,120.7,192.1,124.5,191.1,69.6,160.6,135.2,164,132.7,163.6,143.6,151.2,144,174.1,138.3,143.4,137.5,189.1,90.2,140.8,132.1,141,64,134
207,76.4,105.5,129.4,98.4,123.6,120.9,58.3,124.8,131.9,147.5,126.1,172.3,126.1,185.2,119.1,188.4,123.7,187.8,69.3,170.2,130.5,158.8,138.9,161.9,146.6,152.3,140.4,172.6,141.6,143.9,135,183.5,95.5,141.9,133.8,142.5,66.1,133.8
208,82.9,107.9,146.8,106.3,132.2,131.7,63,120,131.7,160.7,122.7,201.3,120.9,216.6,115.4,219.8,119.3,219.4,68.9,174.8,133.4,187.6,129.2,182.7,150,174.5,145.6,198,143.9,162.9,138.6,211.7,94.6,150.8,135.2,155.9,70.2,137.7
209,82.3,106.3,143,103.5,130.8,129.8,58.4,124.4,137.9,158.7,134.1,195,134.3,208.9,129.1,214.2,132.8,212.3,70,178.1,141.7,180.1,142.5,179.5,153.5,166.5,150.6,196.5,149,156.2,143.7,210.8,98.7,147.4,142.3,150.6,66.7,137.1
210,80.8,97.4,136.4,84.3,129.9,112.5,61.2,119.3,140.1,142.8,136.4,178.9,137.1,196.4,131.7,199.5,134.9,198.9,70.7,173.9,142.3,163.1,144.6,164.3,155.8,151.2,152.4,174.2,150.9,139.9,148.2,192.7,98.7,137.5,141.3,134.3,68.6,131.3
211,84.1,109.5,140.4,106.9,130,126.5,59.7,124.8,133.8,159.6,125.5,192.1,124.3,204.8,119.7,210.1,122.8,208,65.1,173.3,135.7,178.3,137.7,180.3,145.7,169.3,135.7,194.7,142.8,159.5,132.8,208.7,95.4,149.1,136.2,155.1,63.6,138.4
212,80.8,105.1,140.2,102,130.6,124,57.6,125.1,134.1,153.8,123.6,182.3,122.1,199.3,115.1,202.3,119,201.9,63.2,169.6,132.1,169.7,134.6,176.2,147.7,164,137.9,186.8,143,156.8,132.8,196.7,96.3,145.9,138.6,150.6,62.5,131.2
213,73.8,103.6,134.3,96.9,126,119.5,55.7,119.7,135.3,151.9,128.3,188.3,123.6,206.1,117.9,208.3,121.5,208.2,68.2,175.4,137.6,174.1,140.6,174.8,150.6,161.2,146.7,183.4,146.6,152.3,135.5,199.1,93.8,143.4,138.8,146.7,64.7,130.8
214,84,104.5,140.8,97.4,133.4,118.8,61.8,124.1,145,150.3,139.8,184.8,140.8,197.7,133.6,203.6,137.4,202.4,72.5,181.1,144.9,166.1,147.4,169.7,160.9,164.4,155.3,182.2,154.9,149.7,152.8,201,104.4,144.1,145.2,146.5,70.3,135.3
215,83,95.2,134.9,91.5,129,116.3,62.1,119.8,140.6,146.7,136.8,181.4,135,196.1,129.7,199.3,133,198.9,76.4,168.9,143.4,164.1,144.6,166.1,155.3,153.1,152.2,178.3,148.8,142,148.5,194.4,100,139.6,141.1,138.8,70.7,122.9
216,81.7,107.8,136.4,97.8,131.2,123.8,61.7,125.6,145,154.2,132.5,191.4,127.6,210.3,121.4,212.7,125.2,212.7,71.2,174.1,149.8,173.1,154,176.3,163.9,163.3,155.1,192.2,157.7,152,143.1,206,100.4,148.4,144.7,147,71.7,139
217,80.8,104.9,136.8,98,127.1,121.2,57.9,121.5,135.2,147.6,127.8,175.9,127.7,189.2,122.6,193.9,126,192.1,70,165.3,133.6,159.9,141.8,164.8,147.3,149.7,141.5,173.7,143.2,143.4,137,188.2,96.8,142.2,137.8,140.3,65.1,134.3
218,74,102.6,134.2,93.5,128.2,114.9,56.3,124,138.9,145.5,135.2,178.1,135.6,190.1,130,196.2,134.5,194.4,71.5,171.6,142.8,159.9,144.8,165.4,153.9,152.4,151.4,173.5,148.6,142.8,144.5,187.9,96.4,144.1,141,140,65.7,136.8
219,79.3,98.3,137.8,82.1,131,110.5,59.6,118.6,143.6,137.7,140.4,175.7,140.6,189.9,134.8,195.1,138.5,193.3,74.1,167.2,147.3,159.5,150.2,159.2,157.4,145.2,156.5,170.3,152.8,132.5,150.9,187.5,107.1,131.6,144.2,130.2,68.8,125.7
220,86,107.5,146,100.3,135.2,127.5,58.8,126.4,140.7,162.3,145.8,202.1,143.8,218.3,137.7,221.7,141.3,221.1,71.6,183.2,151,182.4,145.6,182.1,156,168.3,160.3,190.8,154.2,157.7,155.6,208.8,100.5,152.6,144.6,153.5,68,141.5
221,80.5,99.5,144.2,99.6,133.5,121.5,60.4,113.1,142.7,153.3,140,191.7,140.2,205.9,135.7,209.9,138.8,208.7,74.2,174.1,147.2,174.2,148.4,174.7,163.5,161.3,160.6,192.3,155,154,153.8,207.4,99,141,145.6,148.3,65,125.1
222,85.4,111.9,141,111.9,128.8,136,60.8,125.1,134.4,163.9,136.6,194.3,137.8,204.7,133.6,209.1,136.5,207.6,71.4,176.9,135.9,179.7,137.7,180.1,146.5,169,146.4,184.3,143.9,162.1,148,201.8,96.6,153.7,137.6,159.9,68.1,138.1
223,77.9,110.4,136.9,110.6,126.9,130.7,60.4,123.9,136.3,161.1,132.7,192.1,132.5,203.4,128.1,208.3,131.1,206.5,68.8,173.5,143,178.4,143.9,178.4,152.9,169.1,144.9,195.2,145.3,160.3,140.2,207.6,95.3,150.8,138.3,158.4,66.6,133.7
224,81.4,100.4,144,89.9,133.6,112.4,61,122.1,147.6,147.5,139.5,182.1,138.2,197,132.4,201.1,136.6,199.8,74.7,176.9,151.2,165.9,158.9,167.8,164.1,155,157.2,181.5,158.3,144.1,150.6,196.2,104.4,143.5,149.4,140.3,70.2,134.7
225,77.8,107.2,133.4,102.7,123.2,127,55.2,123.5,129.4,151.7,124,182.7,121.1,190.6,113.9,192.5,117.6,192.8,70.7,165.3,130.3,166.6,128.3,167.1,141.6,157.8,138.5,176.3,138.5,148.3,133,190.4,93.7,141.1,131.5,145.1,63.3,130.9
226,79.2,107.7,136.2,101.9,126,125.6,59.5,118.5,133.3,153.5,124.9,190.6,121.5,205.7,115.6,208.7,119.1,208,70.6,169.6,135.2,174.1,138.1,175.5,149.9,158,142.9,188.1,145.4,151.3,133.8,199.6,95.3,144.4,135.2,147.2,68.3,134.5
227,80.2,100.7,147.5,94.1,132.6,123.3,60.5,119.4,144.4,155.8,146.6,193.5,146.8,211.9,139.4,216.7,144.2,215.5,77.5,180.1,151,177.1,150.2,176.5,160,161.3,162.8,186.3,156,150.1,160.6,202.8,99.4,147.1,144.6,146.6,63.8,132.1
228,85.8,100.7,146.3,100.2,129.8,123.9,58.3,119.5,137,160.7,141.7,197.2,144.6,208.9,140.2,215,143.6,212.8,80.2,176.1,143.7,174.9,136.8,177.5,152,167.9,155.5,187.9,149.7,158,153.7,206.9,98.7,146.1,138.8,152.6,68.5,129.9
229,85.6,97.2,148.6,95,135.2,120.4,62.6,119,145.3,154.9,147.5,195.9,147.6,214,140.5,218.9,145.4,217.7,81,181.5,153.2,176.6,154.2,175.2,163.9,159.9,164.3,186.3,157.4,149.7,160.8,208,102.4,146.3,146.8,147,70.8,135
230,81.4,106.9,136.5,93.3,128.4,121.2,59.7,123.3,141.6,151.5,136,185.3,136.9,198.2,131.1,204.5,135,202.5,75.4,175.5,146.4,169.1,149,170.3,155.9,157.1,154.2,180.3,152.2,147.4,147.4,197.5,101.8,143.1,143.2,143.4,66.6,134.9
231,86.1,95.5,147.9,94.7,139,117.8,63.8,118.5,143.3,152.6,151.8,190.4,155.3,205.4,150.1,212,153.9,209.9,78.8,176.3,152.4,170.9,151.1,170.7,163,159,167.2,185.7,159.2,149.6,165.6,205.8,102.3,145.2,148.8,144.5,71.6,132.6
232,108,105,160.2,106.9,150.4,127,88.8,119.8,152.4,151.6,146.8,183.1,144.1,194.4,138.8,197.3,142.2,196.8,92.3,164.4,153.1,170.3,154.9,166.7,166.3,157.6,163.6,178.1,162.4,149.7,157.2,187.1,117.3,142.1,156.4,147.2,94.4,128.3
233,79.9,100.6,144.8,96.3,129.6,120.5,56.2,119.2,139.1,153,146.7,193.1,146,207.3,140.2,212.9,144.4,210.4,79.6,176.6,149.3,173.7,144.6,173.5,153.9,158.3,160.4,184.1,150.8,150.1,155.8,204.1,95.2,142.9,139.4,146.5,67.3,132.7
234,77.4,107.2,145.3,97.3,127.1,130,53.4,126.1,137.2,157.9,145.5,203.5,148.7,217.7,144.4,222.6,147.4,221.3,77.6,190.3,147.5,179.8,147.2,178,155.9,164.3,160.7,192.9,150.8,154.5,157.8,215.5,95,149.9,138.6,149,63.2,143.4
235,76.9,103.6,140.4,92.7,127.2,119.6,53.7,114.1,139.8,151.2,145.4,190.3,148.6,204.2,143,209.8,147.4,207.9,72.7,175.3,150.8,169.5,147.2,169.9,157.8,159.8,162.6,181.4,154.8,149.8,159.3,201.4,93.8,141.1,143.1,146.8,63.2,128.6
236,88.4,104.1,153.8,100.7,134.9,129.9,61.3,117.6,139.8,165.6,128.5,201.9,124.1,216.7,116,219.4,121.1,219.7,64.9,183.8,142.6,184.7,144.5,184.7,157.3,176.1,147.9,204.1,154.1,165.4,137,217.1,101.3,148.8,143.3,159.8,66.3,136.7
237,80.5,109,138.4,104.7,128.1,131.3,62.8,125.1,133.3,158.3,122.4,191.6,118.6,204.7,113,208,116.4,207.3,66.5,167.8,133.6,174.5,142.3,178,149.9,165.5,140.3,192.6,146.1,155.7,131.5,202.3,96,148.8,137.8,151.2,67.3,135.7
238,84,98.1,145.7,94.5,131.1,122.1,62.8,114.2,138.6,155.1,134.9,192.8,133.6,209.7,125.3,215.4,130.6,214.2,69.3,177.7,142.6,179.4,147.1,175.6,154.2,162.8,149.1,192.2,152.3,153.4,144.7,205.7,96.1,144.6,141.8,149.1,68.9,132.2
239,88.4,102.1,150,104.9,133.7,129.5,65.8,116.6,138.5,167.1,130.8,202.8,128.2,218.5,120.6,224.1,125.4,222.3,67,182.6,140,188.7,144,186,152.2,172.7,145.1,203.7,150.6,164.2,139.4,216.5,95.7,149.3,139.3,157.7,69.8,134.3
240,83.7,108.8,150,101.7,138.1,126.5,60.6,125.9,152.4,158,137.9,195.6,135.8,214.5,128.6,218.2,133.1,217.4,70.4,184.5,148.5,177.9,154.2,183.3,166.4,168.4,157.8,196.9,165.4,158.7,148.1,210.2,104.6,151.2,154.1,153.7,65.8,139.6
241,72.8,99.3,136.3,82.9,127.6,106.7,54.6,120.1,142.6,139,140,177.2,137.6,196.3,132.8,199.9,136.2,198.4,71,168.5,149.9,159.2,151.2,158.9,161.3,146.2,160.4,175.1,154.2,134.9,151.8,190.5,96.8,133.1,143.6,131,63.9,132.5
242,76.7,105.5,135.8,81.7,126.5,110.7,56.6,116.5,141.7,136.4,137.6,168.6,137.1,180,132.2,185.2,135.7,183.7,72.3,167.6,144.1,153.6,148.2,157.7,155.2,148.2,151.4,170.1,149.9,135.1,148.6,181.7,98.4,135.4,142.3,133.4,66,128.7
243,86.9,102.3,145.8,97,133.6,123.6,59.3,118.1,141.1,153.2,139,188.3,139.3,202.3,133.7,206.2,137.4,205.1,77.8,173.3,145.3,172.7,146.7,172.1,155.4,158.2,156.6,184.2,151.9,150.9,151.9,200.9,100.5,142.1,143.5,147.4,69.2,140.2
244,80.5,98.6,140.4,88.1,132.9,113.9,56.9,112.6,142.9,149.3,149.9,186.8,153.8,199.5,147.4,208.1,152.7,203.9,78,173.8,148.9,168.9,147.3,168.7,158.7,159.2,162.9,175.1,155.8,143.8,165.3,201.9,101.2,141.2,144.8,142,64.2,130.8
245,84.4,112.3,145.8,109.3,133.2,134.1,59.3,123.6,140,169.7,143.8,209.5,146.3,221.7,140.4,229.2,144.9,226.7,73.8,185.6,144.4,190.4,141.3,190.8,157.3,183.1,158.7,199.7,154.4,168.4,158.9,225.8,100.2,156.8,146.6,163.5,64.6,140.8
246,79.6,94.4,136.3,83.9,128.1,109.6,56.9,112.4,138.3,135.1,135.7,164.9,134.6,175.8,128.7,180.3,133.1,178.9,73.4,156.4,141.2,150.8,144.6,151.8,153.6,139.8,149.6,164.1,149.5,131.8,146,176.6,97.1,130.9,140.1,129.2,65.6,120.1
247,83.9,107.8,145.1,103.9,134.6,125.3,62.9,120.3,146.3,154.2,143.1,188,140.2,201.1,133.4,205.6,137.6,204.5,73.6,175.4,152.9,171.5,156.3,174.9,161.4,163.4,156.2,188.9,154,149,149.9,205.2,100.6,144.7,146.2,145.1,70.3,136.2
248,76.6,101.4,135.4,93.5,125.8,118.3,58.6,117.3,137.9,146.8,131.2,176.5,126.8,188.5,120,193.1,123.8,191.6,72,166.5,139.4,162.7,144.3,163.9,154.6,153.5,147.2,179.2,150,143.2,138.5,188.1,97.1,138.1,140.6,141.3,67,129.8
249,84,108.3,145.1,97.8,134.6,122.1,61.7,120,145.8,156.5,150.3,200.1,151.4,215.1,144.7,221.3,149.6,219.4,79.3,180.4,154.6,179.8,155.1,179.3,166.1,170.3,167.4,193.5,160.8,156.3,164.7,214.8,101.4,148.9,150.3,151.2,72.5,133.9
250,76.5,103.7,136,99.1,127.4,119.6,57.1,117.5,136.2,151.3,132.8,189.3,128.8,206,120.7,209.7,125.8,209.3,67.3,169.5,141.6,171.5,145,173.5,151.7,158.3,147.6,186.8,145.5,148.5,143.6,202.6,94,141.8,136.7,144.7,64.8,131.2
251,71.2,96.9,131.9,83.8,123.2,109.2,50.1,114.5,134.3,143.6,126.4,177.8,125.1,193.4,120,197.9,123.6,196.6,61.9,163,136.1,162.8,141.5,161.5,149.8,148.6,146.7,172.1,145.1,138.4,137.2,185.5,90.7,137,137.6,135.4,57.8,128.6
252,84.5,106.6,145.6,96.4,136.2,123.1,60.2,124.9,144.8,150.2,150.5,185.5,150.4,197.3,143.4,202.6,147.8,201.5,80,181.1,153.4,169.8,153.9,170.6,162.2,154.9,165.2,179.6,156.6,149.3,162.3,199.1,105.8,145.6,149,144.7,67.6,138.6
253,78.2,101.1,136.3,86.8,128.6,111.3,58.2,116.9,135.4,135.8,130.5,171.6,128.6,184.8,123,187.2,126.3,186.9,76,160.1,136.7,155,139.2,156.5,150.3,141.9,146,168.4,145.3,134.1,139.8,183.2,97.4,133.1,137.9,132.2,66.2,127.1
254,77.4,98.6,131.9,83.2,122.3,112.2,56.6,115.7,128.1,141.5,119.3,175,116.5,185.7,110.1,189.1,114.1,188.5,63.2,157.9,128.2,158.7,131.1,159.9,141.6,146.4,135.2,172,138.2,136.4,123.9,186.2,94.7,132.2,132.6,132.7,62.8,125.2
255,79.9,111.1,144.3,99.6,133,125.8,57.8,121.8,142.1,153.6,134.3,185.6,130.3,199.7,124,201.9,127.6,201.6,68.8,175.3,143.6,171.8,144.8,173.6,157.4,162.3,151.2,186.3,151.8,151.4,142.4,198.6,101.2,148.9,144.7,148.2,65.9,138.9
256,75.8,96.5,140.7,86.4,131,114,50.6,114,139.2,144.7,129.2,180.3,128.9,191.3,121.7,196.6,126.3,195.1,66.9,171.2,134.3,161,144.3,161.8,153.2,152.6,146,177.3,151.1,143.3,139.2,192.8,89.8,137.5,143.9,140.2,60.9,129.1
257,74.7,106.2,132.6,96.9,122.7,124.3,56,120.5,128.8,150.7,128.4,186.1,129.1,197.7,124.2,201.3,127.5,200.7,69.6,169.8,134.6,168.2,133.3,168.6,145,155.6,144.9,179.5,139.8,148.6,138.8,194.2,92.4,144.6,133.7,144.4,66.9,130.4
258,82.3,106.8,136.9,96.7,130.1,124.3,61.7,122.6,134.3,152.8,128.9,186.1,126.1,202.3,119.2,204.9,122.7,204.2,67.5,177.8,137.1,169.4,140.8,173.7,150.4,158.6,146.2,183.4,144.9,152.9,138.9,197.8,95.8,146.3,138.3,147.4,68.2,135.1
259,80.2,105.3,137,108.2,125.3,130.7,54.8,121.3,132.1,159.5,123.2,189.2,122.7,203.8,115.9,208.3,120.2,207,60.2,176.3,132.8,175,136.8,179.9,147.1,164.9,140.7,189.9,141.5,155.7,132.9,203.7,91.3,147.3,135.7,154,60.4,135.7
260,78.6,109.8,134.2,103.9,124.7,125.2,58.1,124.8,128.7,156.9,122.4,192.6,118,202.7,110.6,204.3,114.8,204.8,69.6,172.2,132.7,177.3,129.9,175.7,143.1,164.7,141.5,189.8,139.1,155.4,131.7,201.6,93.6,145.6,132.7,150.4,67.1,133.8
261,78.6,112.9,138.3,102.6,133.5,122.7,58.9,127.6,141.3,151.6,140.2,184.7,139.5,196.5,134.1,201.1,137.8,200.3,79.9,170.1,146.2,168.4,149.2,167.6,158.6,151.4,157.7,175.9,151.1,147.1,155.5,193,99.8,148.1,143.3,146.4,70.2,136.7
262,79.1,106.8,137.1,98.1,127.8,123.9,59.3,123.4,136.8,151.2,138.5,186.9,139.9,196.6,135.7,201.5,138.7,199.8,75.6,172.1,142.7,168.6,143.8,167.9,152.8,155.6,156,176.3,149.5,146.8,151.2,192.9,97.9,143.7,139.7,142.6,67.7,132.3
263,77.8,93.5,140.4,86.3,128.8,110.6,57.7,115.8,142.2,143.6,143.2,177.7,147.3,191.3,143.6,198.3,147.2,195.8,76.8,167.7,144.3,158.7,145.4,158.7,158.3,149.9,159.1,169.7,153.3,138.8,159.4,190.3,101.6,137.8,142.4,137.2,67.1,129.4
264,87,104.1,140.7,99.4,131.5,126.6,64.6,120.6,139.3,153.3,146.6,196.8,148,211.3,143.6,216.8,146.9,214.8,85.2,175.7,147.3,177.1,144.7,176.4,155.7,162.1,158.5,180.6,150.9,152.4,159.4,206.6,103.8,144.9,142.6,148.6,75.4,136.3
265,81,110.9,139.1,107.3,130.7,129.9,59.7,125.8,139.8,158.1,134.8,189.2,133.8,200.3,126.3,205.7,131.1,204.6,67.3,177.9,140.7,175.7,142.8,177.1,152.3,164,147.7,189,145.1,156.7,144.5,202.1,97.9,148.9,143.4,153.4,66.9,136.3
266,89.2,103.2,149.9,99.4,139.2,123.1,64.4,123.7,146,155.2,137.2,187.4,133.6,199.4,123.3,202.9,129.8,203.1,74.3,174.2,145.9,173.9,149.3,175,161.9,163.9,151,190.6,157.9,153.8,143.6,200.8,103.1,144.3,147.2,149.1,71.8,136.4
267,75.2,91.4,122.4,85.8,117,111.7,60.3,113.7,127.1,137.3,123.2,174.8,117.8,187.1,110.7,189.8,115,189.4,69.4,157.2,134.1,161.6,133.1,153.7,145.8,144.9,144.2,175.5,138.4,131.6,132.2,184.4,101.8,128.9,130.2,127.4,68.4,119.2
268,80.7,101.6,149.9,97.4,136.7,119.1,56.9,120,149.5,152.6,136.5,185.1,137.2,196.2,130.8,203.6,135.3,201.5,70,187.7,144.8,166.5,149.4,171.3,160.6,164.4,150.5,183.1,160.1,150.5,149,198.9,99.6,144.2,153.4,146.9,59.7,136.7
269,88.9,108,146.8,106.3,134.2,131.4,62.3,124.3,141.5,164.2,126.3,196.1,125.8,209.9,118.8,215.3,123.8,214.2,60.6,188.8,138,184.7,142.5,187.8,153.4,178.1,142.7,199.8,153.4,166.8,136.2,214.4,96.7,149.7,145.7,159.7,64.3,137.9
270,79.3,98.4,144.7,91.7,129.4,116.3,58.4,119.6,141.4,151.1,135.2,190.9,132.8,204.8,124.4,208.8,130.2,208.6,70.2,178.8,144.6,172.3,143.2,171.1,156,160,151.2,186.3,153.3,147.3,145.6,202.9,95.7,142.9,143.1,143.9,65.1,136.9
271,81.1,107.5,139.6,94.1,133.2,119.3,60.1,127.1,147.9,148.3,145.1,182.8,146,194.8,139,201.4,144,199.2,78.1,187.4,150.1,165.1,154.6,168.6,161.4,151.6,160.8,182.8,154.9,143.3,156.8,198,106.5,148.3,152.5,141.3,67.7,141.9
272,79.6,99.4,142.7,96.9,130.7,123.8,60.6,116.2,142.7,160.1,147.9,200,146.7,215.4,140.2,219.3,144.5,218.4,78.8,183,155.8,178.4,151.7,178.6,162,167.8,165.8,192.5,156.9,155.1,156.9,213.4,94.6,145.3,141.7,150.4,69.1,126.9
273,82.8,94.8,143.4,85.4,132.5,112.7,61.1,115.6,150,145.1,136.7,186.8,134.2,202.8,126.7,205.6,131.6,205.6,73.4,174.4,153.1,167.1,155.7,167.4,164.8,152.8,159.7,183.9,159.9,140.9,151.6,199.9,104.9,137.5,150.3,134,70.6,133.8
274,84.8,102.6,146.8,105.8,137.2,129.3,58.7,125.5,140.1,161.5,124.2,202.4,124.4,217.2,117.8,223.2,122.6,223.3,67.4,175.9,141.4,184.2,144.1,187.6,155,176.8,148.6,198.8,152.2,163.6,137.8,216.5,95.8,150.4,144.3,157.2,66.8,133.8
275,83.5,98.1,147.6,102.6,133.2,127.4,61.3,118.2,139.2,164.9,134.3,208.7,132.4,222.4,123.9,227.4,129.8,226.3,68.5,179.7,145.3,186.4,145.6,186.4,157.9,173.6,154.9,202.3,151.4,160.8,143,223.7,94.6,151.1,141.5,154.6,66.9,134.7
276,77.6,106.6,138.4,101,128.3,123.6,56.4,122.8,133.8,152.4,129.4,188.3,129.3,202.5,123.1,207.6,127.3,206.4,67.6,173.3,136.8,173.2,138.9,173.8,150.3,165.1,146.1,187.4,145.1,152.9,142.9,205.3,95.9,143.6,138.4,148.3,62.7,136.6
277,88.1,107.9,149.2,96.3,136.9,122.7,63.1,125.7,151.4,154.1,137.9,194.8,135.2,207.1,130.7,211.6,133.7,210.2,74.4,184.4,152.2,174.2,158.8,177,168.7,162.3,159.9,188.1,165.1,150.2,149.4,206.1,106,147.4,155.7,147.3,73.3,144.2
278,79.8,90.7,136.2,85.5,127.8,106.6,61.1,111.8,139.7,134.6,135.3,170.9,136.4,183.7,130.2,189.1,134.4,187.6,68.4,163.2,140.8,153.8,145.2,155.8,152.2,143.3,149.1,165.1,148.5,132.3,147.1,181,97.8,133.7,140.8,128.1,68.4,123.2
279,88.3,107.1,144.2,107.3,130.9,133.1,62.4,120.8,135.9,161.4,132.4,193,131.8,204.1,124.7,208.3,129.8,207.4,64.4,178.5,136.7,176.8,139.2,179.2,151.1,168.3,147.1,189.9,148.4,159.6,143.8,203.4,98.7,151.7,138.9,157.2,66.9,137.3
280,79.8,105.6,142.1,101.7,129.3,129.4,59.3,126.6,134.7,159.9,119.2,194.9,116.4,209.4,109.6,211.9,113.5,211.9,65.7,171.7,131.7,176.7,140.5,180.9,150,163.5,137.5,197.7,147.7,156.1,129.2,209.4,94.2,147.9,138.1,151.3,67.4,135.6
281,80.1,92.6,135.8,94.3,123.3,117.1,56.3,114.6,126.6,148.5,127.7,189.6,128.9,200.6,124,205.8,127.4,204.3,72.6,169.3,134.6,168.8,128.8,172.1,143.2,160,145.9,183.2,136.8,149,139.4,200.2,91.1,137.9,129.2,140.5,65.6,126.4
282,81.8,108,134.9,108.4,125.7,127.7,55.4,119.3,129.6,152.2,122.3,181.4,118.6,191.7,112.9,194,116.8,194.5,70.5,162.9,130.4,168.2,132.6,170.3,148.1,158.5,137.1,182,141.9,151.1,134.4,197.4,92.6,141.1,132.9,148.7,63.9,129
283,81.8,103.7,139.6,104.3,126.9,129.9,57.7,118.7,131.3,160,123.7,190.2,121.1,202.2,113.3,206,118.3,205.3,64.9,171.4,131.5,174.4,133.4,177,144.6,170.1,140,187.7,145.3,158.6,129.3,203.7,90.4,146.9,136.1,156.1,63.9,131.6
284,76.6,105.7,135.8,89.6,129.7,116.8,63,125.6,139.7,147.2,129.8,181.2,127.6,193.4,122.3,197.5,125.9,196.5,76.1,166.3,137.9,164.1,147,163.4,154,151.9,148.2,175.2,151,143.1,140.9,188.9,100.1,142.1,143.6,140.6,72.2,133.4
285,85.4,112.2,146,105,131.5,129.2,61.4,125.7,135.8,162,122.6,196.1,117.2,208.7,110.8,211.2,114.7,211.1,61.9,171.7,136.4,183.2,139.1,184.1,152,174.3,140.6,197.8,150.5,163.1,126.9,208.7,96.9,151.6,140,156.1,67.6,139.6
286,69.9,94.3,128.7,80.1,120.9,107.1,50.7,113.5,136.4,135.1,131.7,170.2,132.2,184.9,126.8,190.5,130.6,188.8,65.7,159.8,140.2,153.9,144.7,154.1,152.1,140.2,150.2,164.4,146.9,131.6,143.2,176.9,93.2,132.7,139.1,127.9,59.2,127.4
287,74.2,104.5,135.3,99,123.4,123.6,57.2,117.2,130.9,151.6,124.8,188.8,124.7,201.6,118.9,206.4,123,205.1,68.8,165.7,133.8,171.9,134.9,171.8,148.1,159.7,140.1,188.7,145.2,149.5,134.3,202.9,92.3,143.1,136.8,145.4,64.6,129.1
288,81.2,105.2,140.4,97.4,133.6,121.2,61,125.7,143.1,152.7,134.6,189.1,132.4,202.7,125.4,206.1,129.4,205.7,74.9,171.1,148.8,172.8,149.6,172.6,158.2,159.7,156.6,183.4,153,151.2,147.9,194.4,99.9,145.4,145.9,146.2,68.7,134.3
289,79.4,102.6,139.7,90.9,135.4,114.8,60.3,122.6,145.8,144.9,141.1,180.7,140.1,197.4,132.8,202.9,137.7,201.8,75.9,178.9,148.9,162.9,155,165.5,161.9,151.6,158.3,178.7,158.1,142.3,152.3,191.2,102.2,142.9,147.5,140,67.6,135.8
290,84.5,102.4,146.6,94.6,136.8,120.8,56.8,119.6,146.7,151.8,138.7,190.4,138.2,202.7,130.3,209.9,135.8,207.3,69.6,178.8,147.3,172.1,149.2,175.4,163.6,159.4,157.9,185.3,158.1,147.1,151.1,199.1,109.9,144.9,148.3,146,66.5,137.4
291,81.1,106.3,139.4,101.7,130.8,125.2,61.2,124.8,138,150.8,135.2,183.8,134.2,197.6,126.8,202.5,131.3,201.8,69.9,171.2,143.5,168.6,146.3,170.7,155.2,158.1,149.4,185.8,148.1,150.8,145.1,198,99,146.9,140,145.7,66.4,135.3
292,84.2,106.3,148.1,94.7,137.8,124.8,57.5,124.8,155.4,154.5,153.1,191.2,151.8,209.5,144.7,214.2,149.8,212.8,79.6,189,160.7,173.6,164.7,173.9,171.4,158.8,170.7,185.2,166.2,146.4,162.7,208.3,107.6,149.6,155.4,146.2,65.7,138.7
293,83.8,100.9,144.6,83,136.3,112.7,57.5,121.5,146.7,145.2,135.5,193.3,134.5,213.4,129.1,218.7,132.8,217.3,74,177.2,143.9,171.2,147.5,172.3,161.4,157.2,158.2,184.1,158.9,143.2,146.1,206.3,103.4,140.9,149.1,136.9,69.2,134.9
294,77.3,103.8,130.5,101.3,121.3,124.9,56.4,119.1,127.8,157.4,118.9,191.9,115.8,207.2,110.8,210.2,113.9,209.4,67.1,167.9,129.6,177.9,128.9,177.4,141.4,166.3,134.8,190.2,139.6,157.8,127.4,203.2,92.1,144.7,131.1,151.1,64.1,128.8
295,84.7,107.5,140.6,85.5,133.7,115.4,66.3,124.1,141.6,140.4,136.4,177.7,136.6,189,132.1,193.7,135.2,192.1,77.7,167.4,145.1,160.9,147.2,161.8,159.4,151.6,151.3,175.7,155.9,140.1,147.1,188.3,105.1,139.5,145.2,135.6,74.1,134.5
296,85.1,105.4,146.7,99.4,135.9,121.2,62.7,120.3,146,151.1,144.7,183.1,144.9,194.4,139.1,200.1,143.1,198.4,76.3,169.9,150.5,168.3,152.1,169.6,161.6,158.5,160.2,181.2,157.9,150.4,154.9,193.8,103.6,142.8,148.8,147.7,70.9,133.4
297,73.1,110.8,128.8,96.9,121.9,121.9,57.3,126.7,133.7,147.5,127.8,178.7,126.2,189.2,123.7,192.3,119.4,192.7,74.1,164.9,135.9,164.6,137,165.2,146.5,151.5,141.8,180.4,142.7,144.4,135.7,190.4,94.6,142.7,136.2,141.8,67.1,136.8
298,84.5,108.9,145.2,109.8,131.8,130.2,58.7,121.2,138.4,161.6,126.4,198.3,121.8,211.1,113.2,215.1,118.5,214.8,64.8,171.5,143.4,184.3,146,186.7,157.4,169.3,148.2,201.6,151.3,160.6,137.6,210.2,95.9,146.8,140.9,156.5,67.3,134.1
299,78.8,105.7,138.9,101.1,129.1,125.4,58.1,122.8,139.4,156.7,145,191.6,146.7,203.9,141.6,209.9,145.4,207.7,73.1,181.8,148,176.2,148.3,175.8,156.2,165.9,158.9,188.4,153.2,155.4,156,203.2,95.2,148,142.4,152.5,64.3,134.3
300,78.3,102.4,135.2,90,125.8,117.3,61.7,120.8,138.8,140.6,136.6,176.6,135.3,189.6,129.1,193.8,133.1,192.8,77.2,166.8,142.4,159.4,145.2,161.9,154.2,149.4,152.4,171.2,152.3,140.3,145.8,186.5,101.1,137.8,141.5,135.6,67.9,130.8
301,74,94.5,130.6,91.2,122.9,114.3,54.5,111.3,135,140.1,132,176.2,130.9,190.7,124.5,195.8,128.5,194.5,65.5,169.1,140.7,160.6,141.6,160.4,151.9,147.8,149.2,175,145.9,139.6,143.4,188.4,92.9,135.1,136.7,136,60.8,122.4
302,105.9,95.5,158.9,79.6,153.3,104.2,92.3,114.3,167.9,133.5,157.8,168.1,158.9,181.4,153.7,187.6,157.5,185.7,103.2,162.6,163.3,150.7,170.5,154.4,180.5,139.4,173.8,166.9,173.5,130.7,169.7,180.8,129.5,130.5,166.9,124.7,99.8,128.3
303,88.8,103,148.9,100.6,134.4,125.8,60.8,123,147.9,161.7,141.5,202.7,138.8,217.1,131.6,223.1,136.4,221.1,73.6,186,154.4,184.5,156.3,184.4,165.7,170.6,161.3,199.4,162.5,159.2,148.3,217.4,100.7,148,149.8,154.9,66.8,136.9
304,80.9,110.2,137.6,102.6,127.2,130.6,57.1,127.2,136.2,156.5,138.8,195.9,138.7,207,130.9,211.4,136.1,210.4,73.7,174.4,142.2,177.5,140.7,176.6,152.8,164.6,154.4,186.4,147.1,155.6,151.2,202.6,98.2,148.8,139,149.5,66.8,136.7
305,81.8,107.6,143.1,97,133.1,120.4,64,124.4,146.7,150.6,139.8,186.3,140.1,198.9,132.3,204.4,138.2,203,75.8,173.4,150.7,171,153.5,172.8,162.7,159.4,158.1,183,156.9,150.5,149.9,197,103.7,145.7,147.1,146.2,72.2,137.8
306,83.2,107.7,139.6,98.9,132.4,123,60.8,124.2,141.9,152.6,128,190.8,124.2,203,116.5,207.3,121.7,206.4,65.4,170,135.9,169.6,139.8,174.5,157,164.2,146.3,192.2,151.2,154.8,135.9,203.8,100.8,146.2,143.4,149.7,67.6,136.5
307,83.7,110,141.2,96.8,131.5,120.5,64,124.8,144.9,145.7,140.9,176,143.7,184.6,138.9,192,142.2,189.9,72.3,175,145.7,162.2,147.7,164.6,159.3,156.1,155.4,173.9,155.5,147.3,153.6,189.8,104.1,144.3,146,142.4,69.8,138.6
308,78.8,104.4,138.1,93.8,129.1,117.7,58.8,123.7,139.6,150.2,130.7,188.1,128.7,202.2,123.5,206.9,127.2,205.7,69.3,174.1,142.4,171.5,145,174.6,156.7,161,150.7,183.6,149.7,150.4,142.3,201.3,98.5,143.3,142.4,143.2,67.4,135.9
309,80.3,109.4,137.2,100.6,124.6,127.1,58.8,125.5,133.5,155.6,132.2,189.8,137.1,205.1,129.9,213.4,135.1,210.8,65.4,183.2,134.3,175.5,136.5,176.8,151,163.4,147.7,188.8,145.5,156,146.5,207.9,94.9,148.9,136,148.1,63.9,143
310,78.1,105.8,134.4,93.8,125.5,119.8,53.8,114.6,136.3,149.2,130.4,185.4,129,197.4,121.7,202.6,126.2,201.6,69.8,167.4,138.5,165.7,143.7,170.3,153.6,157.2,147.7,185,147.9,150.2,139.5,198,97.7,142.7,136.9,144.7,68.2,132.1
311,76.7,106.5,136.8,105,129.6,127.2,55.7,119.2,131.7,157.3,126.8,193.8,124.7,206.7,117.8,211,122.1,210.1,64,173.7,136.7,176.8,138.1,176.9,147.8,162.9,144.3,191.5,143,154.2,135.7,203.4,90.3,148.2,133.2,150.4,62.3,134.6
312,82.6,100.4,140.5,108.6,127.8,130.1,59.4,117,129.8,161.5,117.7,199.1,114.1,211.7,104.4,215,111.5,215.3,60,171.8,130.2,180.7,132.8,183.1,146,172.9,136.4,200.6,139.4,162.6,124.9,215.1,94.2,146.1,132.8,154.8,62.8,132.8
313,75.8,103.3,136.2,99.3,129.1,124.6,55.5,116.5,130.2,154.6,115,192.3,113.6,206.3,107.7,210.9,111.7,210.1,61.5,165.2,126.3,174.6,128.9,177.7,142.4,167.6,134.3,190.6,138.9,156,124.6,206.7,90.2,144.9,132.6,148.4,64.2,130.8
314,80,105.7,133.5,98.7,124.8,122.4,61,124.4,135.2,150.2,129.7,178.1,129.6,188.2,124.5,193.1,128.1,191.6,72.4,171.5,134.1,161.5,142.4,164.4,150.6,153.7,145.1,175.3,145.2,146.6,139.7,187,98.3,143.3,136.1,144.4,69.3,132.9
315,94.6,96.5,150.7,86.3,146.2,113.7,74.2,117.5,152.1,142.7,146.9,181.9,147.4,194.2,142.7,200.1,146,198.7,81.4,172.8,152.2,164,155.1,165.1,166.9,151.6,162.2,176.6,161.1,141,158.5,192.6,110.5,136.7,153.6,135,80.5,130.3
316,86.7,99.5,151,94.2,137.4,123.8,57.3,111.4,146.4,155.5,137.5,194.3,135.6,207.8,129,214.4,134,211.7,67.8,178.7,148.6,177.3,150.3,177.9,163.3,165.3,157.3,192.7,159.7,154.2,150.4,206.1,104.4,146.3,148.1,150.1,65.7,134.1
317,83.2,106.7,140.2,94.7,131.2,119.7,61.6,123.7,140.4,148.3,135.7,178.3,136.8,189.7,132.3,195.9,135.3,193.6,76.2,169.4,140.2,160.1,147,164.3,152.7,149.3,149.6,172.6,148,142.7,145.8,189.1,101.9,143.1,142.2,139.7,69.6,135.4
318,78.5,100.8,139,106.1,125.1,127.6,53.6,113.3,131.8,155.3,116.6,185.3,109.3,197.6,103.6,200.1,107.1,199.5,66.4,160.4,131.9,172.5,140.2,174.2,148.8,159.2,139.6,184.5,142.3,151.7,129.8,193.7,94,139.7,135.1,148.2,65.4,125.2
319,81,104.1,138.6,98.9,128,124.5,61,122.9,134,152.6,126.6,186.7,124.8,199.8,118,205.5,123,204.2,69.4,175.5,134.6,172.6,142.4,170.5,147,160.5,141.4,184.9,143,151.2,136.5,198.7,95.9,144.5,134.9,146.5,66,131.1
320,78.4,105.7,136.6,90.1,131.1,111.7,59.4,123.9,146.1,142.9,138.4,178.8,138.7,188.5,131.8,195.7,136.7,193,75.5,169.8,149.8,160.9,152.4,162.9,162.6,150.6,157.6,176.8,155,138.5,148.2,189.9,102,142.1,146.5,135.8,67.8,137.1
321,80.6,103.3,143.2,104.1,128.6,126.9,54.7,120.5,134.9,155.5,129.7,201.4,127.4,212.8,119.6,218.5,125.2,217.1,68,176.6,138,180,140.8,180.5,150.3,166.7,146.7,194.1,144.2,157.9,138.8,213.2,94.3,146.5,135.8,152.1,66.4,134.7
322,86.8,107.8,147.2,98.7,139.6,123.6,62.2,123.5,144.8,153.3,141.2,189.5,140.3,200.8,132.5,205.8,137.4,204.5,75,174.1,148.3,171.9,154.4,176.7,161.3,161.9,154.4,186.7,155.8,152.3,149.4,198.5,106.3,150.7,147.2,147.5,71.4,138.3
323,80,102.1,139.6,97.7,133.2,121.5,65.8,118.1,144.4,147.6,145.9,191.1,147.8,201.9,141.2,207.9,145.5,206.5,74.8,182.3,150.5,170.7,151,170.1,161.6,156.7,159.4,181.7,154.2,147.5,156.4,199.9,101.9,145.2,145,141.9,69,132.9
324,80.1,104.7,137.9,84.1,133.6,116.5,60.8,122.4,144.8,141.5,141.6,174.5,143.5,184.3,137.2,190.6,141.8,188.9,82.1,170.8,147.5,156.5,152.6,160.6,161.2,145.9,157.2,171.2,151.8,137.9,152.4,186.7,106.1,139.3,145.3,136.5,71,138.7
325,76.9,95.2,134.2,86.9,127.8,108.9,53.9,107,141.7,140.6,134.8,180.2,132.5,195.4,124.3,199.7,129.7,198.7,68.1,164.7,143.5,162.1,145.9,163.4,154.7,147.9,151.2,174.2,150,138.7,145.3,191.7,96,135.6,143.5,134,63.6,127.8
326,83.2,103.8,144.1,94,131.2,125.3,55.9,113.5,141.8,154.3,144.1,189.7,145.6,199.1,137.9,206.7,142.7,203.8,82,178.6,148,170.5,144.4,172.5,155.7,162.7,158.8,180.7,151.2,153.5,154.8,198.5,98,145.8,142.2,148.3,65.2,135.7
327,85.2,109.5,145.6,103.1,133.1,127.6,61.4,116.4,141.5,153.9,145.5,191.2,146.2,204.9,141,211.1,144.4,208.8,74.3,180.5,150.3,172,152.6,172.6,156.7,157.6,159.6,185.9,149.9,149.5,156.4,203.1,101.2,147.9,141.1,145.9,68.8,136.4
328,75.1,103.4,139.8,94,130.3,117.2,56.7,122.6,137.9,150.7,125.2,189.5,123.5,205.1,117.2,210.2,121,208.9,69.3,166.5,135.6,171.8,137.9,176.9,155,163,141.7,189.4,150.4,149.2,135.2,204.9,97.1,145.4,141.8,143.1,63.2,135.9
329,81.1,102.7,144.3,102.6,132.4,123.9,59.1,122.2,133.1,155.9,124.7,185,126.4,197.8,121.7,201.7,124.7,200.4,67.8,173.5,131.1,168.6,138.1,171.6,150.2,164.9,140.4,183.3,147.7,155.3,135.9,198.7,92.5,146.7,135.3,149.5,66.1,137.5
330,72,106.6,127.2,95.9,121,124.9,51.8,122,130.7,153.9,126.1,190.9,126.3,203.7,119.8,208.5,124.3,207.1,65.9,175.3,135.7,174.3,138.2,175.1,149.1,160.1,142,191.8,143.1,151.1,137.2,207.5,89.4,146.4,129.8,147.9,61.6,134.1
331,81.2,115.1,140.6,102.3,132.2,130,59,125.7,142.6,160.7,126.5,191.8,122.3,201.3,114.5,205.6,119.8,205.1,67.9,171.1,142.1,177.9,150.6,182.7,154.6,163.1,144.7,193.2,150.2,155.8,133.3,203.1,98.2,151.9,143.7,154.2,68.3,144.3
332,86.7,99.3,150.8,89.7,139.6,116.6,63.4,122.4,152,149.6,149.6,189.3,148.5,199.8,141.2,205.5,145.6,204.5,81.3,176.1,157.8,169.2,159.8,170.8,169.8,157.1,165.6,185.5,162.4,147.5,161.4,203.7,107.8,141.7,151.7,142.4,72.2,137.4
333,76.4,102.1,132,90.9,124.1,115.3,59.1,119.9,138.7,145.3,132.1,184.5,131.7,198.9,124.9,203.8,129.1,202.7,69.8,170.8,142.6,165.5,146,168.1,156.8,153.8,151.6,180.7,148.7,142.7,144.5,196.8,97.3,140.2,139.8,138.6,65.9,135.8
334,84.5,105.5,142.5,95.1,135.7,119.2,65.1,126.1,147.7,155.5,141.6,193.3,142.3,207.2,134.5,213.8,140.2,211.6,75.9,184,150.6,173,154.3,177.8,164.1,167,158.4,191.3,158.7,151.6,152.1,208,106,148.2,147.8,146.7,72.8,145.2
335,72,97.9,126.7,90.7,118.8,109.9,53.3,114.2,131.9,139.9,127.2,174.7,127.8,189.6,122.6,194.4,126.2,192.5,66.6,164.7,135.7,157.7,139.5,158.8,146.8,145.3,143.9,171.7,140.6,138.2,138.2,187.1,92.4,135.5,133.5,133.8,59.6,126.2
336,83.4,104.1,139.5,102.1,129.6,125,63.8,119.3,136.4,155.3,137.8,191,139.2,199.5,132.8,204.4,137.2,203.3,78.9,174.3,139.2,173.8,139.8,172.6,150.8,162,151.8,184.1,146.4,151.7,147.2,200.6,100.6,145.1,139.1,148.5,71.7,130.9
337,79.1,98.3,136.6,93.7,126.1,118.4,54.6,115.8,129.8,148.8,128.5,183.9,126.5,193.7,116.8,197.6,123.1,196.9,67.9,163.7,136.9,166.5,134.7,168,145,154.7,145.2,179.3,137.4,147.5,139,190.2,92.6,139.1,131.7,143.7,64.5,126.5
338,90.2,99.8,153.8,93.7,142.4,120.3,68.8,116.1,148.2,153.1,128.5,190.3,125.2,203.4,117.5,206.8,122.8,206.5,76.8,165.7,141.5,174.5,149.8,171.9,162.5,163.7,151.9,189.4,160,150.8,137,204.1,109.8,141.4,150.7,144.3,78.8,127.6
339,88.6,105.5,155.4,98.2,142.3,121.3,63.3,124,159.3,151.9,155.1,188.5,158,203.7,152.9,210.7,159.2,210.5,80.2,188.8,160.9,170,164.6,173.1,175.1,161.3,173,186.9,169.2,149.1,171.4,205.5,110.1,147.5,161.4,145.2,71.2,139.6
340,85.8,102.5,144,93.5,134.6,116.8,62.9,118.5,146.8,150.7,136.9,186.7,133.3,198.4,125.6,203.5,130.4,202,75.5,172,150.2,169.9,151.8,171.5,163,160.5,156.2,188,157.6,147.6,144.6,199.5,100.5,143.1,147.8,143.8,71.2,131.9
341,80.6,106.2,135,98.3,129.4,121,62.6,124.9,140.7,152.5,133.6,180.1,135.9,191.6,130.9,199.4,135.4,196.5,71.2,174.7,137.6,166.1,142.6,171.8,153.8,160.5,148,182.7,149.6,150.1,145.4,194.6,99.4,144.8,141.2,146.3,67.8,138.5
342,76.3,96,131.4,87.3,122.6,114.3,56.1,114.3,130.3,149.9,131.9,193.5,133.6,204.6,127.3,210.8,131.8,208.7,67.8,174.3,139.8,170.1,141,168.7,148.3,155.5,146,186.1,144.6,144.7,142.8,203.1,93.8,140.7,132.8,140.3,62.2,124.7
343,80.9,104.8,134.9,102.3,123.5,125.8,62.4,121.7,130,150.5,126.8,179.1,124.3,188.2,118.3,191.7,122.4,190.9,71.2,161.6,134.4,164.8,130.9,166.4,140.8,156.4,138.9,176.9,138.7,148.3,133.5,190.8,96.1,141.1,131.4,145.5,69,129.5
344,81.6,104.7,143.8,91,132.8,116.6,62.6,123.2,147.1,148.7,130.2,181.1,129,194.8,124,200.3,127.5,198.6,75.2,168.7,145.6,160.9,154.9,167.7,162.9,152.1,152.6,179,154,143.3,144.4,190.9,102.8,143.3,148.1,138.9,73.2,134.1
345,82.8,100.5,138.7,103.8,127.5,123.9,57.6,109.1,127.6,155.9,123.4,190.6,122.2,199.3,115.1,203.2,119.5,202.9,71.1,167.2,131.6,172.5,125.8,175.9,140.6,166.2,139.8,187.2,137.5,158,132.4,200.3,93,141.8,133,152.7,66.7,128
346,88.7,101,144.9,95.5,133,123.8,63.1,110.9,142.9,151.2,141.6,188.4,141.1,202.5,136.3,208.2,140.1,206.6,76.7,171.8,149.9,169.5,148.1,169.7,158.5,156.3,160.6,180.1,152.1,146.9,154,196.1,101.1,137.3,144.4,141.3,71.3,127.1
347,80.6,106.8,133.9,95.3,126.6,124.3,56.5,113.7,133.8,151.1,135.5,187,136.9,197.5,132.4,202.2,135.4,200.7,72.9,171.6,137.5,169.3,138.8,168.9,148.4,158.9,150.3,176.7,144.5,150.3,145.4,193.1,96.2,144.7,135.4,145.9,65.3,131.4
348,86.7,101.1,147.1,94.1,135.4,116.3,62,119.3,149.5,151.5,145.2,191.4,143.9,204.5,136.9,211.1,142.1,209.8,78.4,174.9,155.9,170.5,159,171.9,166.2,158.5,161.6,189.3,160.4,145.5,154.1,204.2,103.4,142.7,150.3,142.7,68.6,129.7
349,82.1,104.5,137.9,95.7,135.7,118.3,60.8,123,151.5,148.1,142.2,181.2,142.8,190.8,135.9,197.8,140.6,195.6,75.7,179.3,145.3,159.9,147.9,169.9,165,152,156.5,183.4,158.7,144.9,151.2,193.1,104.4,145,151.1,143.6,68.5,139.5
350,79.4,102.5,138.7,91,128.6,116.1,61.6,117.1,140.5,146.5,133.7,186.7,132.2,199.3,123.7,204.3,130.4,203.4,72.3,169.2,145.6,166,148.1,169.9,156.5,153.2,152.1,180.3,149.8,143.8,139.9,198.3,99.5,139.6,140.2,141.3,68.5,132
351,83.9,104.7,137.4,101.4,126.4,123.5,60.6,122.1,134.8,152.5,127.1,183.5,126,192.1,120.8,197.7,124.6,195.4,70,169.5,137.9,168.3,141.2,169.5,150.1,158.2,145.9,181.2,144.2,150.1,137.5,193.7,96.8,144.1,136.9,147.4,66.9,130.3
352,81.7,111.1,135.1,100.5,125.7,123,62.7,125.7,136.4,144.8,134.6,175.7,132.8,186.5,125.8,190.6,130.1,189.7,78.1,166.5,139.9,160.9,142,161.4,151.9,149.1,149,172.5,146,142.7,144.3,184.7,101.3,141.5,137,140.2,69.8,137
353,76.8,106.5,135.2,92.7,129,115.7,56.2,119.4,141.8,145,134.7,180.1,133.3,189.8,126.8,196.8,131.2,194.6,70.5,173.7,145,161.5,150.3,166.1,156,154.6,152.3,175.3,150.6,142.4,142.6,188.5,100.8,142.5,141.4,139.2,66.8,134
354,85.6,100.2,142,91.6,133.4,119.7,61.2,118.5,142.6,144.7,143.4,180.3,145.1,192.6,139,199.2,143.2,197.5,79.2,170.3,148.3,162.6,150.8,164,158.4,152.3,159,176.2,153,142.4,156.9,195.9,101,141,143.7,138.5,68.5,134.3
355,85.1,108.6,144.6,99.9,135.2,126.1,64.4,126.1,144.2,157.9,140.8,196.9,141,207,134.3,212.7,139.5,210.6,81.6,184.8,146.3,175.9,148.6,179.3,163.4,168.3,158.4,187.4,156,156.1,154.1,207,106.4,152.5,145.2,151.9,72.3,141.9
356,75.5,108.1,130.1,95.1,124.5,120.1,60.2,124.3,134.6,148,132.8,181.2,134,191.5,126,197.5,131.6,196.2,68.6,172,135.8,163.7,138.4,166.5,149.4,154.1,146.4,178.8,143.8,145.7,143.8,192.9,96.2,143.1,136.6,144.9,66.6,132.8
357,86.9,106.5,146.8,104.2,135.6,127.7,62.8,116,144.8,155.5,142,192.7,142.2,202.4,134.1,208.4,139,206.5,72.8,180.2,149.6,175.4,150.1,174.4,160.1,164.5,160.6,186.1,154.7,155.5,152.5,205.5,100.4,148,146.2,149.4,68.4,133.5
358,92.2,86.7,150.8,92.7,137.8,114.9,72.1,108.7,144,151.9,139,198.4,135.4,209.5,127.4,214.7,132.4,213.3,76.6,174.1,148.6,173.6,149.2,172.2,159.8,163.7,159.5,196.3,155.4,152.2,144.2,213.1,103.2,140.3,147.3,145.1,75.2,122.6
359,76,103,123.5,87.8,120.8,113.1,58.6,113.6,131.9,133.9,127.5,166.2,126.2,176.1,118.2,180.6,123.4,179.5,74.3,159.9,133.8,150.6,138.5,151.4,144.3,136.3,142.4,160.6,138.8,130.9,135,175.3,96.2,133.8,132.4,127.2,67.2,128.4
360,83.3,104.5,140.2,88.1,131.4,114.3,65.7,120.1,146,145.1,135.9,181.4,132.9,193.5,124.5,195.2,130,196.7,77.8,170.4,150.9,164.8,154.1,166.8,162.2,154.6,154.9,177.8,156.9,141.6,145.8,191,105.2,141,147.2,138.4,74.2,133.1
361,78.7,98.6,134.7,96.9,124.2,122.1,53.9,115.3,127.3,152.3,125.9,193.2,126.1,209.7,122.2,214.1,124.9,212.7,64.6,177.2,135,174.4,133.2,174.5,146.2,163.1,144.3,189.6,141.1,153.3,138.6,200.7,89.7,142.4,132,146,61.8,131.2
362,106.3,96.6,161.3,93.8,153.1,113.2,86.4,113.4,162.8,143,155,176.5,154.4,189.4,148.3,194.7,152,193.2,99.2,168.2,165.1,160.3,172.9,160.8,178,149.8,171.2,174.4,171.4,142.2,164.9,187.9,124.8,135.1,166.7,135.6,92.8,128.6
363,80.9,99.7,143.5,95.1,132.1,117.7,60.7,113.4,142.4,150.3,138.7,185.8,138.6,205.5,131.8,207.5,135.6,207.3,66.9,167.7,143.4,167.8,146.9,171.4,155.8,159.4,153.8,185.2,150.1,146.3,150.2,200.3,100.8,141.2,144.1,145.7,65.1,127
364,82.4,106.5,140.1,107.9,129.2,126.3,60.9,123.5,134.7,160.7,122.2,196.3,117.6,213.9,110.8,216.1,115.1,216.3,63.4,173.8,135.6,182.2,137.1,182.3,146.7,168.9,138.4,195.6,142.2,158.9,128.5,212.6,95.2,147.5,138.8,152.6,66.6,133.1
365,90.2,106.3,148.7,105.9,135.3,132.2,69.7,123.3,141.3,162.6,141.4,205.3,142,217.1,136.7,223.4,140.3,220.9,82.6,184,147,183.9,146.6,183.4,157.3,171.9,155.2,200.1,154.2,163.4,149.4,218.1,106.5,148.6,144.1,157.6,77.1,135.4
366,84.8,105.1,142.5,93.7,134.1,118,61.6,126.1,148.3,144.9,143.2,182,141.7,192.9,135.9,197.9,139.9,196.4,79,173.8,151,162.2,154.7,164.3,163.6,151.7,160.2,175.6,160.6,141.9,154.4,191.3,107.7,141.9,150.6,139.3,68.8,137.8
367,75.2,95.8,133.7,85.6,126.5,112.3,57,114.2,140.8,144.4,137.6,179.9,137.1,194.3,130.9,198.9,135,197.7,71.1,170.4,143.6,163.1,144.2,162.3,154,150.4,152,174.6,149.1,140,149.2,192.8,96.9,137.4,142.5,136.5,65.2,127.3
368,79.9,102.4,135.3,99.3,128,122.5,62.1,119.2,136.7,159.1,123.7,192.4,122.6,207.8,116.1,211.9,120.6,210.8,64.3,178,136,175,140.7,180.2,147.6,170.1,139.2,192.1,145.2,158.6,132.2,206.8,93.3,148.9,138.5,152.8,66.5,134.2
369,72.7,98.9,127,95.6,120.3,117.7,53.5,110.8,127.1,147.5,118.7,180.4,116.1,194.4,110.6,197.8,114.2,197.1,60.4,163.9,129.1,166,130.9,168.2,138.4,158,134.7,175.6,138.2,145.4,128.5,191.6,88.1,137.2,127.8,141,60,123.5
370,83.2,109.5,145,106.6,133.2,130.5,59.1,125.5,139.1,160.5,127.8,194.3,125.4,209.1,117.8,212.7,122.3,212.2,62,173.1,137.1,177.2,141.1,182.7,154.3,168.7,143,193.1,150.4,158.8,137.9,206.9,98.9,150.1,143.5,154.8,64.1,136.6
371,76.4,103.7,133.3,89.7,124.1,117,59.9,119.7,138.4,144.7,132.5,176.7,130.1,192.5,125,196.7,128.2,195.3,72.4,164.1,140.3,160.2,146.6,163.4,151.6,147.5,148.6,173.4,147.3,140.4,142.7,186.7,98.5,139.7,141.2,135.8,67.2,132.3
372,78.7,96.2,139.3,88.9,129.8,114.3,55.5,113.5,140.2,146.1,137.3,179.3,135.9,194.2,128.9,198.3,132.9,197.4,69.3,166.9,140.6,160.8,144.6,164.1,153.7,149.2,152,172.6,149.2,141.6,150.4,187.1,97.8,135.2,141.4,137.4,62.2,122.3
373,79.6,103.3,145.9,95.8,133.1,123.5,61.6,123.8,143,157.6,133.8,186.2,135.1,201.4,127.6,207.2,132.5,205.6,70.2,174.3,142.6,171.6,145.1,176.8,158.5,163.5,152.5,186.4,154.1,151.8,145.2,201.9,102.9,146.4,145.3,148.7,71.4,135.2
374,92.4,105.1,149.2,104.7,137,129.3,65.8,117.8,140.6,157.2,131.3,193.1,129.7,208.2,124,211.7,127.5,210.7,71.4,173.9,141.8,177.9,144.8,178.3,156.6,166.3,149.5,192.7,152.7,156.7,143.2,206.6,102.5,145.5,144.3,150.5,70.6,133.1
375,110.5,102.4,168.1,101.7,154.2,125.8,86.4,117.2,158,156.2,148.7,189.9,142.6,201.3,135.6,203.6,139.6,204,89,168.9,159.9,175.2,162.4,176.9,172.5,165.2,166.2,184,169.5,154.6,161.5,195.8,122.6,143.5,163.1,149.1,94.4,130.2
376,70.3,93.3,133.4,82.8,123,106.9,51.3,108.3,133.9,144.2,123.4,182.3,120.2,197.3,112.1,201.4,116.9,200.5,61.2,166.5,131.9,164.9,133.2,163.6,149.4,146.4,142.6,176.1,144,138.3,132.1,194.9,91.7,133.1,137,133,60,122.7
377,83,101,144,88.2,128.1,115.4,61,123.8,144.7,145.9,139.6,180.7,141.4,192.9,135.7,198.7,139.2,196.9,75.4,173.3,147.9,163.2,148.6,163,160.7,152.9,157.3,176.3,157.2,146.7,152.2,192.4,105.8,140.7,147.6,139.7,69.7,136.1
378,88.8,101.4,145.8,92.4,138,117.4,63.3,120.4,147.4,150,147.2,189.9,148.3,203.3,142.3,210.1,146.2,207.7,81.2,179.2,156.2,171.2,156.8,170.8,166.1,156.2,162.8,182.8,160.3,146.3,158.8,201.3,106.5,143.1,150.6,143.4,71.8,133.9
379,80.1,98.2,141.6,90.4,129.6,118.6,58.1,118.8,140.3,149.7,138.9,187,140.4,198.9,135.2,204.7,138.6,202.7,71.9,165.5,145.3,166.1,148.2,167.7,157.7,152.9,155.7,176.8,152.4,143.9,152.4,197.1,100,142.1,145.3,140.1,65.6,127.8
380,102.1,100.2,160.6,93.4,150.6,120.6,83.2,113.7,154.7,148.5,153.7,185,154.9,196.4,149.9,200.7,153.2,199.8,93.9,166.5,161.2,167,159.7,166.2,170.8,155.1,170.3,176.4,168.1,145,163.9,194.9,118.9,140.4,159.4,142.1,93.2,125.5
381,110.6,103.4,172.2,101.6,160.4,126.9,92.3,114.5,164.7,154.8,149.8,188,145,201.5,137.2,204,142,203.7,97.5,164.7,161.1,174,162.4,175.6,178,163.9,166.3,189.5,174.4,153.8,156.1,200.2,127.5,143.6,168.4,149.6,98.2,126.2
382,74.1,99.5,131.5,92.9,122.5,117.6,53.4,114.6,129.2,144.2,123,177.3,122.6,187.5,117.5,191.7,120.9,190.4,68.8,163.9,130,161.4,133.9,164,144.2,147.9,138.5,176.5,142.1,138.8,133,186.4,92.5,136.7,132.9,136.9,61.6,125
383,79.7,101.3,137.7,93.2,127.8,117.6,55.7,115.8,131,148.5,135.1,179.9,135.9,189.7,130.6,196,133.9,193.8,74.9,164.9,138.7,164.2,137.4,163.8,145.5,153.5,150.4,175.8,143.8,145.5,145.4,192.5,95.7,140.8,138.4,141.7,66.2,127.4
384,83.5,110.4,140.6,105.3,131.1,129.6,62.6,127.6,139.8,160.9,131.1,193.5,129.1,205.6,124.8,209.1,127.7,207.8,71.4,175.8,141.1,180.5,145,179,153,164.8,145.8,192.1,145.7,155.7,140,203.7,102.3,151.1,141.4,153.8,70.7,140.8
385,85.1,111,142.1,100.1,132.5,129.9,62.6,125.2,139.7,157.4,137.3,186.9,139.5,198.9,133.9,204.3,137.3,202.6,76,178.4,142,175.4,144.7,176.4,155.6,166.9,150.6,186.7,153.2,157.5,150.7,200.6,99.3,151.8,143.7,152.6,68,137.1
386,86.8,110,144.4,106.4,133.4,130,71.1,124.4,143.6,152.4,136.9,179.6,134.4,190.6,128.9,194.5,132.2,193.6,78.6,169.1,142.6,166.2,144.8,169.2,155.9,157.2,151.2,175.9,151.5,150.2,144.4,190.6,103.6,143.2,146.8,146.3,75.5,135.5
387,83.1,102.3,143,101.1,126.8,126.3,61.5,116.5,137.4,151.2,130.2,186,126.4,197.6,119.1,200.2,123.6,200.3,73.8,170.9,141.4,171.1,142.4,171.6,155.1,156.3,148.3,186,151,150.1,140.2,195.3,100.7,141.2,141.8,143.7,69.2,128.7
388,82,111.2,135.9,99.9,128.3,125.7,62.6,125.1,137.7,147,134,180.6,134.4,189.2,130.2,194.7,133.2,192.9,78.6,169.4,138.3,164.5,140.5,163.9,152,153.6,147.7,174.7,145.8,146.7,144,187.9,102,144.3,141.3,141.9,68.2,139.5
389,86.1,109.5,148.1,95,137,124.3,62.8,126.9,143.9,156,130,195.5,127.6,211.3,122.6,216.4,126.3,215.1,74.3,180,144,178.1,147,177.9,158.8,168.1,153.2,192.3,159,154.9,146.2,211.4,106.6,148.5,149.2,148.7,73,139.5
390,79.8,111.3,140.7,103.9,134.8,127.3,64.5,128.3,143,156.5,135.7,188.2,137.6,200.9,132.2,207.5,136,205.1,77,177,140.6,172.5,145.3,174.6,153.8,167.7,150.2,187.1,151.8,157.5,147.8,203.4,101.3,149.7,145.9,151.5,70,141.2
391,83.2,94.3,140.9,86,130.2,113.8,62.2,119.2,142.4,145.9,138.2,184.1,137.5,198.5,130.9,205.7,135.2,203.1,68.6,172.9,144.8,167.4,146.3,168.3,156.3,155.1,154.2,179.7,152.3,143.5,148.5,200.7,101.6,139.9,146.6,137.8,68.2,130.3
392,80,105.6,142.6,100.7,132.3,121.9,60.5,126.2,145.2,154.4,146.3,194.6,146.1,209.1,140.1,213.9,143.6,212.9,72.1,183.1,151.6,173.9,150,174.9,159.3,164.8,161.8,185.3,155.4,154.5,156.7,205.7,101.9,144.8,146,150,67,139.1
393,84.7,90.6,137,83.9,128.7,112.7,62.3,127.5,138.6,144.3,131.7,178,132.7,191.4,128.2,197.8,131.5,196.2,73.6,168.7,139.2,162.1,140.4,162.2,154.7,154.8,149.5,176.5,153.2,142.3,146.3,191,98.8,135.8,140.7,134.9,68.3,127.8
394,87.6,104.2,147.4,102.1,132.6,128.1,64.3,116.2,142.2,156.7,138.1,193.6,138.2,206.9,130.6,212.5,135.5,211.3,72.8,184.2,145,173.7,147.2,175.5,157.4,170.3,153,189.6,153.3,156.4,151.6,211.6,101,141.2,142.9,151.2,66.7,129.7
395,86.1,100.9,149.7,96.4,138,123.9,62.1,119.6,147.2,153.3,147,183,148.3,194.2,141,202.4,145.8,199.4,74.3,186.5,150.7,170.8,152.5,171.8,163.1,160.1,160.8,178.6,158.7,151.4,159.4,193.9,101.8,145.7,149.1,148.7,67.7,135.8
396,78.2,107,137.5,90.7,130,120.1,57.6,122.4,142.2,149.6,138.6,180.5,138.8,193.1,131.6,197.5,136.3,196.7,73.4,173.4,147.5,164.9,150.4,167.5,156.4,154.7,153.5,176.1,150.4,146.7,148.2,191.3,100,145.1,142.4,141.9,67.8,132.9
397,77.1,102.5,137.7,88.6,129.8,116.5,58.7,119.8,141.1,147.7,137.7,184.5,135.7,201.4,129.3,205.1,133.6,204.4,77.6,170.6,146.8,167.1,149.7,169.2,158.2,154.6,155.2,182.3,151.9,144.9,147.7,200,102.2,139.4,141.9,141,66.7,133.9
398,82.6,102.3,144.4,89.2,135.8,115.2,61.9,119.3,147.9,146.7,138.7,178.9,135.2,192.5,126.6,197,132.3,196.1,77,167,146.9,163.9,150.6,167.7,161.2,156.5,154.2,176.7,158.3,144.1,149,191.2,101.4,140.8,150.2,138.1,71.1,133.5
399,80.8,99.5,140.6,95.4,131.1,118.8,60.2,114,136.3,147.9,135.2,182.4,135.3,198.7,129.3,203.9,133.2,202.1,73.9,170.9,143.9,167.7,143.2,166.9,153.6,160.5,150.3,183.7,146.2,150.8,147.5,198.7,98.2,138.6,138.2,141,66.8,126.3
400,76,103.1,131.8,93.7,123.2,121,57.6,126.3,133.6,149.5,130.1,183.8,130.1,196.1,125.8,200.8,128.5,199.8,61,178.7,138.9,167,141.8,169,148.1,156.8,144.5,180.4,146,146.5,138.8,195,93.8,146.1,135.8,144,61.6,136.8
